Date,Treatment,Plot ,Plant ,Fat Diameter,Skinny Diameter,Center Leaf Height,Leaf #,Collar #,Tassle Date,Silk Date,Ear Height,Detasseled,Notes,Data File,
9/28/21,19,913,11,25,23,231,,,,,174,No,,PXL_20211001_143219641.MP.jpg,
9/28/21,19,1016,5,25,23,250,,,,,188,Yes,,PXL_20211001_143210335.MP.jpg,
9/28/21,19,1016,4,25,22,249,,,,,184,No,,PXL_20211001_143210335.MP.jpg,
9/28/21,19,1016,6,20,18,273,,,,,184,No,,PXL_20211001_143210335.MP.jpg,
9/28/21,19,1074,8,22,20,267,,,,,182,No,,PXL_20211001_143210335.MP.jpg,
9/28/21,19,1074,13,27,24,248,,,,,181,Yes,,PXL_20211001_143200446.MP.jpg,
9/28/21,19,1089,2,21,19,261,,,,,179,No,,PXL_20211001_143200446.MP.jpg,
9/28/21,19,1074,3,27,24,249,,,,,178,No,,PXL_20211001_143210335.MP.jpg,
9/28/21,19,1089,5,27,25,250,,,,,177,No,,PXL_20211001_143200446.MP.jpg,
9/28/21,19,1016,8,25,21,237,,,,,177,Yes,,PXL_20211001_143210335.MP.jpg,
9/28/21,19,1074,1,32,26,237,,,,,177,No,,PXL_20211001_143210335.MP.jpg,
9/28/21,19,914,3,27,23,236,,only 3 plants?,,,177,No,,PXL_20211001_143219641.MP.jpg,
9/28/21,19,909,13,29,26,214,,,,,176,Yes,Started at back of row and worked forward,PXL_20211001_143147209.MP.jpg,
9/28/21,19,1016,3,22,20,264,,,,,175,No,,PXL_20211001_143210335.MP.jpg,
9/28/21,19,913,1,27,23,238,,,,,175,No,,PXL_20211001_143219641.MP.jpg,
9/28/21,19,913,3,22,19,254,,,,,175,No,,PXL_20211001_143219641.MP.jpg,
9/28/21,19,1074,4,22,20,261,,,,,174,No,,PXL_20211001_143210335.MP.jpg,
9/28/21,19,1074,6,27,25,254,,,,,174,No,,PXL_20211001_143210335.MP.jpg,
9/28/21,19,1074,7,24,21,259,,,,,174,No,,PXL_20211001_143210335.MP.jpg,
9/28/21,19,913,12,26,24,231,,,,,174,Yes,,PXL_20211001_143219641.MP.jpg,
9/28/21,19,909,4,27,23,242,,,,,172,No,Started at back of row and worked forward,PXL_20211001_143147209.MP.jpg,
9/28/21,19,1089,3,22,20,247,,,,,172,No,,PXL_20211001_143200446.MP.jpg,
9/28/21,19,913,7,25,23,245,,,,,172,No,,PXL_20211001_143219641.MP.jpg,
9/28/21,19,1016,10,25,23,250,,,,,171,Yes,,PXL_20211001_143210335.MP.jpg,
9/28/21,19,909,8,26,24,246,,,,,170,No,Started at back of row and worked forward,PXL_20211001_143147209.MP.jpg,
9/28/21,19,1089,8,21,19,264,,,,,170,Yes,,PXL_20211001_143200446.MP.jpg,
9/28/21,19,1016,2,28,24,249,,,,,170,No,,PXL_20211001_143210335.MP.jpg,
9/28/21,19,913,4,20,18,251,,,,,170,No,,PXL_20211001_143219641.MP.jpg,
9/28/21,19,1016,11,30,25,237,,,,,169,Yes,,PXL_20211001_143210335.MP.jpg,
9/28/21,19,914,2,28,24,233,,,,,169,No,,PXL_20211001_143219641.MP.jpg,
9/28/21,19,913,2,23,20,234,,,,,168,Yes,,PXL_20211001_143219641.MP.jpg,
9/28/21,19,1089,6,26,23,243,,,,,167,Yes,,PXL_20211001_143200446.MP.jpg,
9/28/21,19,1074,9,32,27,243,,,,,167,No,,PXL_20211001_143210335.MP.jpg,
9/28/21,19,909,2,23,20,227,,,,,166,No,Started at back of row and worked forward,PXL_20211001_143147209.MP.jpg,
9/28/21,19,1074,10,30,26,247,,,,,166,No,,PXL_20211001_143210335.MP.jpg,
9/28/21,19,1074,15,26,24,253,,,,,165,Yes,,PXL_20211001_143200446.MP.jpg,
9/28/21,19,909,7,24,20,242,,,,,164,No,Started at back of row and worked forward,PXL_20211001_143147209.MP.jpg,
9/28/21,19,1016,1,28,24,241,,,,,164,No,,PXL_20211001_143210335.MP.jpg,
9/28/21,19,913,8,26,24,242,,,,,164,Yes,,PXL_20211001_143219641.MP.jpg,
9/28/21,19,1074,11,19,16,235,,,,,163,Yes,,PXL_20211001_143200446.MP.jpg,
9/28/21,19,1074,12,27,25,248,,,,,163,Yes,,PXL_20211001_143200446.MP.jpg,
9/28/21,19,1074,5,24,22,247,,,,,163,No,,PXL_20211001_143210335.MP.jpg,
9/28/21,19,909,1,29,26,215,,,,,162,No,Started at back of row and worked forward,PXL_20211001_143147209.MP.jpg,
9/28/21,19,1089,7,25,21,251,,,,,162,Yes,,PXL_20211001_143200446.MP.jpg,
9/28/21,19,913,13,34,29,218,,,,,161,Yes,,PXL_20211001_143219641.MP.jpg,
9/28/21,19,909,12,24,21,222,,,,,160,Yes,Started at back of row and worked forward,PXL_20211001_143147209.MP.jpg,
9/28/21,19,909,14,28,25,222,,,,,160,Yes,Started at back of row and worked forward,PXL_20211001_143147209.MP.jpg,
9/28/21,19,1089,10,36,31,233,,,,,160,No,,PXL_20211001_143200446.MP.jpg,
9/28/21,19,913,9,20,18,225,,,,,160,No,,PXL_20211001_143219641.MP.jpg,
9/28/21,19,1074,14,24,22,255,,,,,159,Yes,,PXL_20211001_143200446.MP.jpg,
9/28/21,19,1089,1,32,27,248,,,,,159,No,,PXL_20211001_143200446.MP.jpg,
9/28/21,19,1016,9,26,23,233,,,,,159,Yes,,PXL_20211001_143210335.MP.jpg,
9/28/21,19,1074,2,20,18,264,,,,,159,No,,PXL_20211001_143210335.MP.jpg,
9/28/21,19,909,5,22,20,250,,,,,158,No,Started at back of row and worked forward,PXL_20211001_143147209.MP.jpg,
9/28/21,19,1089,4,27,24,245,,,,,158,No,,PXL_20211001_143200446.MP.jpg,
9/28/21,19,914,1,27,23,212,,,,,157,Yes,,PXL_20211001_143219641.MP.jpg,
9/28/21,19,909,6,23,21,235,,,,,155,No,Started at back of row and worked forward,PXL_20211001_143147209.MP.jpg,
9/28/21,19,909,9,21,19,247,,,,,155,Yes,Started at back of row and worked forward,PXL_20211001_143147209.MP.jpg,
9/28/21,19,909,10,25,22,230,,,,,155,Yes,Started at back of row and worked forward,PXL_20211001_143147209.MP.jpg,
9/28/21,19,1074,16,30,26,243,,,,,154,No,,PXL_20211001_143200446.MP.jpg,
9/28/21,19,913,10,26,22,236,,,,,153,Yes,,PXL_20211001_143219641.MP.jpg,
9/28/21,19,909,3,19,17,223,,,,,152,No,Started at back of row and worked forward,PXL_20211001_143147209.MP.jpg,
9/28/21,19,909,11,24,21,230,,,,,152,Yes,Started at back of row and worked forward,PXL_20211001_143147209.MP.jpg,
9/28/21,19,1089,9,26,23,236,,,,,152,Yes,,PXL_20211001_143200446.MP.jpg,
9/28/21,19,909,15,28,25,180,,,,,149,Yes,Started at back of row and worked forward,PXL_20211001_143147209.MP.jpg,
9/28/21,19,1016,7,15,15,233,,,,,145,No,,PXL_20211001_143210335.MP.jpg,
9/28/21,19,1016,12,17,16,161,,,,,106,No,,PXL_20211001_143210335.MP.jpg,
7/21/21,9,964,1,32,25,127,17,11,,,,,,PXL_20211001_143528668.MP.jpg,
7/21/21,9,964,2,27,20,128,16,10,,,,,,PXL_20211001_143528668.MP.jpg,
7/21/21,9,964,3,22.5,14,102,14,10,,,,,,PXL_20211001_143528668.MP.jpg,
7/21/21,9,964,4,34,25,136,17,11,,,,,,PXL_20211001_143528668.MP.jpg,
7/21/21,9,964,5,22,15,120,16,10,,,,,,PXL_20211001_143528668.MP.jpg,
7/21/21,9,964,6,30,24,133,16,10,,,,,,PXL_20211001_143528668.MP.jpg,
7/21/21,9,964,7,27,22,120,16,9,,,,,,PXL_20211001_143528668.MP.jpg,
7/21/21,9,964,8,38,25.5,150,17,10,,,,,,PXL_20211001_143528668.MP.jpg,
7/21/21,9,962,1,30,23,123,18,12,,,,,,PXL_20211001_143528668.MP.jpg,
7/21/21,9,962,2,30,25,128,17,9,,,,,,PXL_20211001_143528668.MP.jpg,
7/21/21,9,962,3,21,13,105,14,9,,,,,,PXL_20211001_143528668.MP.jpg,
7/21/21,9,962,4,32.5,24,130,17,10,,,,,,PXL_20211001_143528668.MP.jpg,
7/21/21,9,962,5,35,27,158,18,11,,,,,,PXL_20211001_143528668.MP.jpg,
7/21/21,9,962,6,33,25,150,19,12,,,,,,PXL_20211001_143528668.MP.jpg,
7/21/21,9,962,7,33,25,146,17,9,,,,,,PXL_20211001_143528668.MP.jpg,
7/21/21,9,962,8,21.5,20,144,17,10,,,,,,PXL_20211001_143528668.MP.jpg,
7/21/21,9,959,1,31,23,126,14,9,,,,,,PXL_20211001_143528668.MP.jpg,
7/21/21,9,959,2,23,14,110,14,9,,,,,,PXL_20211001_143528668.MP.jpg,
7/21/21,9,959,3,42,27,153,18,10,,,,,,PXL_20211001_143528668.MP.jpg,
7/21/21,9,959,4,34,27,136,17,10,,,,,,PXL_20211001_143528668.MP.jpg,
7/21/21,9,959,5,31,25,154,16,10,,,,,,PXL_20211001_143528668.MP.jpg,
7/21/21,9,959,6,27.5,23,146,18,11,,,,,,PXL_20211001_143528668.MP.jpg,
7/21/21,9,958,1,26,19,124,16,10,,,,,,PXL_20211001_143528668.MP.jpg,
7/21/21,9,958,2,33,26,145,16,9,,,,,,PXL_20211001_143528668.MP.jpg,
7/21/21,9,958,3,35,27,142,16,9,,,,,,PXL_20211001_143528668.MP.jpg,
7/21/21,9,958,4,25,19,115,14,8,,,,,,PXL_20211001_143528668.MP.jpg,
7/21/21,9,958,5,30,23,128,15,8,,,,,,PXL_20211001_143528668.MP.jpg,
7/21/21,9,958,6,20,13,121,13,8,,,,,,PXL_20211001_143528668.MP.jpg,
7/21/21,9,958,7,27,21,131,15,9,,,,,,PXL_20211001_143528668.MP.jpg,
7/21/21,9,1018,1,36,26,129,NA,NA,,,,,"Height, Leaf Number, Collar number data missing from Jon CML258_Plant_Architecture 2 File ",PXL_20211001_143528668.MP.jpg,
7/21/21,9,1018,2,27,17,123,NA,NA,,,,,"Height, Leaf Number, Collar number data missing from Jon CML258_Plant_Architecture 2 File ",PXL_20211001_143528668.MP.jpg,
7/21/21,9,1018,3,34,25,140,NA,NA,,,,,"Height, Leaf Number, Collar number data missing from Jon CML258_Plant_Architecture 2 File ",PXL_20211001_143528668.MP.jpg,
7/21/21,9,1018,4,23,20,133,NA,NA,,,,,"Height, Leaf Number, Collar number data missing from Jon CML258_Plant_Architecture 2 File ",PXL_20211001_143528668.MP.jpg,
7/21/21,9,1018,5,31,26,149,NA,NA,,,,,"Height, Leaf Number, Collar number data missing from Jon CML258_Plant_Architecture 2 File ",PXL_20211001_143528668.MP.jpg,
7/21/21,9,1019,1,36,28,149,17,10,,,,,,PXL_20211001_143528668.MP.jpg,
7/21/21,9,1019,2,37,27,149,16,9,,,,,,PXL_20211001_143528668.MP.jpg,
7/21/21,9,1019,3,27,22,120,16,9,,,,,,PXL_20211001_143528668.MP.jpg,
7/21/21,9,1019,4,37,27,146,15,8,,,,,,PXL_20211001_143528668.MP.jpg,
7/21/21,9,1019,5,31,24,133,16,10,,,,,,PXL_20211001_143528668.MP.jpg,
7/21/21,9,1029,1,18,10,92,15,12,,,,,,PXL_20211001_143528668.MP.jpg,
7/21/21,9,1029,2,39,28,140,19,11,,,,,,PXL_20211001_143528668.MP.jpg,
7/21/21,9,1029,3,15,10,100,13,7,,,,,,PXL_20211001_143528668.MP.jpg,
7/21/21,9,1029,4,35,26,153,15,10,,,,,,PXL_20211001_143528668.MP.jpg,
7/21/21,9,1029,5,39,30,156,18,10,,,,,,PXL_20211001_143528668.MP.jpg,
7/21/21,9,1029,6,36,26,153,15,10,,,,,,PXL_20211001_143544598.MP.jpg,
7/21/21,9,1029,7,34,27,160,17,10,,,,,,PXL_20211001_143544598.MP.jpg,
7/21/21,9,1029,8,27,22,140,15,9,,,,,,PXL_20211001_143544598.MP.jpg,
7/21/21,9,1083,1,43,30,142,16,10,,,,,,PXL_20211001_143544598.MP.jpg,
7/21/21,9,1083,2,36,28,131,16,9,,,,,,PXL_20211001_143544598.MP.jpg,
7/21/21,9,1083,3,15,9,101,12,8,,,,,,PXL_20211001_143544598.MP.jpg,
7/21/21,9,1083,4,20,13,95,14,8,,,,,,PXL_20211001_143544598.MP.jpg,
7/21/21,9,1083,5,36,27,136,14,8,,,,,,PXL_20211001_143544598.MP.jpg,
7/21/21,9,1083,6,32,25,138,16,9,,,,,,PXL_20211001_143544598.MP.jpg,
7/28/21,10,964,1,35,26,167,19,12,,,,,,PXL_20211001_143544598.MP.jpg,
7/28/21,10,964,2,30,24,154,16,10,,,,,,PXL_20211001_143544598.MP.jpg,
7/28/21,10,964,3,24,20,134,14,10,,,,,,PXL_20211001_143544598.MP.jpg,
7/28/21,10,964,4,35,25,171,19,13,,,,,,PXL_20211001_143544598.MP.jpg,
7/28/21,10,964,5,24,21,150,13,10,,,,,,PXL_20211001_143544598.MP.jpg,
7/28/21,10,964,6,33,25,161,16,10,,,,,,PXL_20211001_143544598.MP.jpg,
7/28/21,10,964,7,30,23,152,16,10,,,,,,PXL_20211001_143544598.MP.jpg,
7/28/21,10,964,8,37,29,176,19,12,,,,,,PXL_20211001_143544598.MP.jpg,
7/28/21,10,959,1,36,28,160,17,11,,,,,,PXL_20211001_143544598.MP.jpg,
7/28/21,10,959,2,27,22,139,15,10,,,,,,PXL_20211001_143544598.MP.jpg,
7/28/21,10,959,3,45,29,184,18,11,,,,,,PXL_20211001_143544598.MP.jpg,
7/28/21,10,959,4,35,27,170,17,11,,,,,,PXL_20211001_143544598.MP.jpg,
7/28/21,10,959,5,31,25,168,16,12,,,,,,PXL_20211001_143544598.MP.jpg,
7/28/21,10,959,6,29,25,167,16,11,,,,,,PXL_20211001_143544598.MP.jpg,
7/28/21,10,958,1,29,25,146,17,11,,,,,,PXL_20211001_143544598.MP.jpg,
7/28/21,10,958,2,36,27,161,17,10,,,,,,PXL_20211001_143544598.MP.jpg,
7/28/21,10,958,3,37,27,162,17,11,,,,,,PXL_20211001_143544598.MP.jpg,
7/28/21,10,958,4,27,23,141,15,10,,,,,,PXL_20211001_143544598.MP.jpg,
7/28/21,10,958,5,30,23,154,16,11,,,,,,PXL_20211001_143544598.MP.jpg,
7/28/21,10,958,6,22,19,129,13,9,,,,,,PXL_20211001_143544598.MP.jpg,
7/28/21,10,958,7,29,23,150,15,10,,,,,,PXL_20211001_143544598.MP.jpg,
7/28/21,10,1018,1,39,30,NA,NA,NA,,,,,"Height, Leaf Number, Collar number data missing from Jon CML258_Plant_Architecture 2 File ",PXL_20211001_143544598.MP.jpg,
7/28/21,10,1018,2,22,23,NA,NA,NA,,,,,"Height, Leaf Number, Collar number data missing from Jon CML258_Plant_Architecture 2 File ",PXL_20211001_143544598.MP.jpg,
7/28/21,10,1018,3,34,25,NA,NA,NA,,,,,"Height, Leaf Number, Collar number data missing from Jon CML258_Plant_Architecture 2 File ",PXL_20211001_143544598.MP.jpg,
7/28/21,10,1018,4,23,20,NA,NA,NA,,,,,"Height, Leaf Number, Collar number data missing from Jon CML258_Plant_Architecture 2 File ",PXL_20211001_143544598.MP.jpg,
7/28/21,10,1018,5,32,26,NA,NA,NA,,,,,"Height, Leaf Number, Collar number data missing from Jon CML258_Plant_Architecture 2 File ",PXL_20211001_143544598.MP.jpg,
7/28/21,10,1029,1,22,17,123,15,9,,,,,,PXL_20211001_143544598.MP.jpg,
7/28/21,10,1029,2,41,30,176,19,13,,,,,,PXL_20211001_143544598.MP.jpg,
7/28/21,10,1029,3,16,15,115,13,9,,,,,,PXL_20211001_143544598.MP.jpg,
7/28/21,10,1029,4,34,25,168,18,12,,,,,,PXL_20211001_143544598.MP.jpg,
7/28/21,10,1029,5,40,28,190,17,10,,,,,,PXL_20211001_143544598.MP.jpg,
7/28/21,10,1029,6,34,28,179,16,10,,,,,,PXL_20211001_143544598.MP.jpg,
7/28/21,10,1029,7,37,26,179,18,11,,,,,,PXL_20211001_143544598.MP.jpg,
7/28/21,10,1029,8,26,23,164,16,11,,,,,,PXL_20211001_143544598.MP.jpg,
7/28/21,10,1083,1,43,31,168,17,9,,,,,,PXL_20211001_143544598.MP.jpg,
7/28/21,10,1083,2,35,27,155,17,10,,,,,,PXL_20211001_143557818.MP.jpg,
7/28/21,10,1083,3,20,14,120,14,10,,,,,,PXL_20211001_143557818.MP.jpg,
7/28/21,10,1083,4,26,20,128,13,10,,,,,,PXL_20211001_143557818.MP.jpg,
7/28/21,10,1083,5,36,28,170,17,9,,,,,,PXL_20211001_143557818.MP.jpg,
7/28/21,10,1083,6,31,25,163,16,9,,,,,,PXL_20211001_143557818.MP.jpg,
7/28/21,10,915,1,35,27,159,16,10,,,,,,PXL_20211001_143557818.MP.jpg,
7/28/21,10,915,2,33,25,173,18,12,,,,,,PXL_20211001_143557818.MP.jpg,
7/28/21,10,915,3,26,22,157,15,10,,,,,,PXL_20211001_143557818.MP.jpg,
7/28/21,10,915,4,30,24,160,15,10,,,,,,PXL_20211001_143557818.MP.jpg,
7/28/21,10,915,5,32,25,167,17,12,,,,,,PXL_20211001_143557818.MP.jpg,
7/28/21,10,915,6,26,21,156,15,11,,,,,,PXL_20211001_143557818.MP.jpg,
7/28/21,10,915,7,23,20,145,9,4,,,,,,PXL_20211001_143557818.MP.jpg,
7/28/21,10,915,8,21,19,152,13,8,,,,,,PXL_20211001_143557818.MP.jpg,
7/28/21,10,1028,1,27,22,138,15,10,,,,,,PXL_20211001_143557818.MP.jpg,
7/28/21,10,1028,2,29,25,158,17,12,,,,,,PXL_20211001_143557818.MP.jpg,
7/28/21,10,1028,3,29,24,171,17,11,,,,,,PXL_20211001_143557818.MP.jpg,
7/28/21,10,1028,4,29,24,168,17,10,,,,,,PXL_20211001_143557818.MP.jpg,
7/28/21,10,1028,5,28,24,169,15,10,,,,,,PXL_20211001_143557818.MP.jpg,
7/28/21,10,1028,6,28,22,160,15,10,,,,,,PXL_20211001_143557818.MP.jpg,
7/28/21,10,1028,7,25,23,167,15,12,,,,,,PXL_20211001_143557818.MP.jpg,
08/04/2021,11,964,1,36,27,141,21,15,,,,,,PXL_20211001_143557818.MP.jpg,
08/04/2021,11,964,2,32,25,129,18,12,,,,,,PXL_20211001_143557818.MP.jpg,
08/04/2021,11,964,3,26,21,117,15,10,,,,,,PXL_20211001_143557818.MP.jpg,
08/04/2021,11,964,4,36,26,153,20,14,,,,,,PXL_20211001_143557818.MP.jpg,
08/04/2021,11,964,5,25,20,129,15,11,,,,,,PXL_20211001_143557818.MP.jpg,
08/04/2021,11,964,6,34,25,146,18,12,,,,,,PXL_20211001_143557818.MP.jpg,
08/04/2021,11,964,7,32,24,134,18,14,,,,,,PXL_20211001_143557818.MP.jpg,
08/04/2021,11,964,8,39,28,154,21,14,,,,,,PXL_20211001_143557818.MP.jpg,
08/04/2021,11,959,1,36,29,145,20,14,,,,,,PXL_20211001_143557818.MP.jpg,
08/04/2021,11,959,2,25,22,132,17,12,,,,,,PXL_20211001_143557818.MP.jpg,
08/04/2021,11,959,3,37,29,164,19,13,,,,,,PXL_20211001_143557818.MP.jpg,
08/04/2021,11,959,4,36,27,157,19,13,,,,,,PXL_20211001_143557818.MP.jpg,
08/04/2021,11,959,5,30,25,158,20,13,,,,,,PXL_20211001_143557818.MP.jpg,
08/04/2021,11,959,6,28,25,156,19,13,,,,,,PXL_20211001_143557818.MP.jpg,
08/04/2021,11,958,1,30,25,139,20,13,,,,,,PXL_20211001_143557818.MP.jpg,
08/04/2021,11,958,2,37,27,156,19,13,,,,,,PXL_20211001_143557818.MP.jpg,
08/04/2021,11,958,3,38,27,162,18,11,,,,,,PXL_20211001_143557818.MP.jpg,
08/04/2021,11,958,4,28,23,142,18,12,,,,,,PXL_20211001_143557818.MP.jpg,
08/04/2021,11,958,5,30,23,155,18,15,,,,,,PXL_20211001_143557818.MP.jpg,
08/04/2021,11,958,6,23,20,129,15,11,,,,,,PXL_20211001_143557818.MP.jpg,
08/04/2021,11,958,7,29,23,148,16,11,,,,,,PXL_20211001_143557818.MP.jpg,
08/04/2021,11,1018,1,39,31,142,19,13,,,,,,PXL_20211001_143614270.MP.jpg,
08/04/2021,11,1018,2,30,23,130,17,12,,,,,,PXL_20211001_143614270.MP.jpg,
08/04/2021,11,1018,3,35,25,149,19,13,,,,,,PXL_20211001_143614270.MP.jpg,
08/04/2021,11,1018,4,24,20,130,17,13,,,,,,PXL_20211001_143614270.MP.jpg,
08/04/2021,11,1018,5,32,26,152,19,14,,,,,,PXL_20211001_143614270.MP.jpg,
08/04/2021,11,1029,1,23,22,109,16,11,,,,,,PXL_20211001_143614270.MP.jpg,
08/04/2021,11,1029,2,42,28,159,22,16,,,,,,PXL_20211001_143614270.MP.jpg,
08/04/2021,11,1029,3,19,16,101,15,11,,,,,,PXL_20211001_143614270.MP.jpg,
08/04/2021,11,1029,4,35,26,160,20,14,,,,,,PXL_20211001_143614270.MP.jpg,
08/04/2021,11,1029,5,41,28,173,19,12,,,,,,PXL_20211001_143614270.MP.jpg,
08/04/2021,11,1029,6,36,28,163,19,15,,,,,,PXL_20211001_143614270.MP.jpg,
08/04/2021,11,1029,7,36,25,166,19,14,,,,,,PXL_20211001_143614270.MP.jpg,
08/04/2021,11,1029,8,25,23,151,19,13,,,,,,PXL_20211001_143614270.MP.jpg,
08/04/2021,11,1083,1,45,30,152,18,12,,,,,,PXL_20211001_143614270.MP.jpg,
08/04/2021,11,1083,2,38,28,137,19,11,,,,,,PXL_20211001_143614270.MP.jpg,
08/04/2021,11,1083,3,21,19,100,17,10,,,,,,PXL_20211001_143614270.MP.jpg,
08/04/2021,11,1083,4,28,23,116,16,11,,,,,,PXL_20211001_143614270.MP.jpg,
08/04/2021,11,1083,5,37,28,154,18,13,,,,,,PXL_20211001_143614270.MP.jpg,
08/04/2021,11,1083,6,32,25,153,18,12,,,,,,PXL_20211001_143614270.MP.jpg,
08/04/2021,11,967,1,37,29,138,18,11,,,,,,PXL_20211001_143614270.MP.jpg,
08/04/2021,11,967,2,36,29,147,18,11,,,,,,PXL_20211001_143614270.MP.jpg,
08/04/2021,11,967,3,32,24,147,20,13,,,,,,PXL_20211001_143614270.MP.jpg,
08/04/2021,11,967,4,34,38,142,19,13,,,,,,PXL_20211001_143614270.MP.jpg,
08/04/2021,11,967,5,33,38,148,19,12,,,,,,PXL_20211001_143614270.MP.jpg,
08/04/2021,11,967,6,24,20,125,16,12,,,,,,PXL_20211001_143614270.MP.jpg,
08/04/2021,11,960,1,34,25,137,17,11,,,,,,PXL_20211001_143614270.MP.jpg,
08/04/2021,11,960,2,30,25,144,16,11,,,,,,PXL_20211001_143614270.MP.jpg,
08/04/2021,11,960,3,33,27,151,19,13,,,,,,PXL_20211001_143614270.MP.jpg,
08/04/2021,11,960,4,30,24,147,18,12,,,,,,PXL_20211001_143614270.MP.jpg,
08/04/2021,11,960,5,35,27,157,20,14,,,,,,PXL_20211001_143614270.MP.jpg,
08/04/2021,11,960,6,34,26,155,18,13,,,,,,PXL_20211001_143614270.MP.jpg,
08/04/2021,11,960,7,33,28,176,20,14,,,,,,PXL_20211001_143614270.MP.jpg,
08/04/2021,11,960,8,34,27,168,20,14,,,,,,PXL_20211001_143614270.MP.jpg,
08/11/2021,12,964,1,34,25,172,22,16,,,,,,PXL_20211001_143614270.MP.jpg,
08/11/2021,12,964,2,31,26,161,20,14,,,,,,PXL_20211001_143614270.MP.jpg,
08/11/2021,12,964,3,24,21,145,16,11,,,,,,PXL_20211001_143614270.MP.jpg,
08/11/2021,12,964,4,31,25,175,23,18,,,,,,PXL_20211001_143614270.MP.jpg,
08/11/2021,12,964,5,24,20,162,17,13,,,,,,PXL_20211001_143614270.MP.jpg,
08/11/2021,12,964,6,31,25,176,20,15,,,,,,PXL_20211001_143614270.MP.jpg,
08/11/2021,12,964,7,30,23,164,19,15,,,,,,PXL_20211001_143614270.MP.jpg,
08/11/2021,12,964,8,38,29,179,25,21,,,,,,PXL_20211001_143626371.MP.jpg,
08/11/2021,12,959,1,37,28,176,22,16,,,,,,PXL_20211001_143626371.MP.jpg,
08/11/2021,12,959,2,27,22,158,17,12,,,,,,PXL_20211001_143626371.MP.jpg,
08/11/2021,12,959,3,41,28,188,19,16,,,,,,PXL_20211001_143626371.MP.jpg,
08/11/2021,12,959,4,35,27,189,20,16,,,,,,PXL_20211001_143626371.MP.jpg,
08/11/2021,12,959,5,28,24,185,19,15,,,,,,PXL_20211001_143626371.MP.jpg,
08/11/2021,12,959,6,29,25,191,20,16,,,,,,PXL_20211001_143626371.MP.jpg,
08/11/2021,12,958,1,29,25,173,22,16,,,,,,PXL_20211001_143626371.MP.jpg,
08/11/2021,12,958,2,34,27,185,20,15,,,,,,PXL_20211001_143626371.MP.jpg,
08/11/2021,12,958,3,37,26,197,21,17,,,,,,PXL_20211001_143626371.MP.jpg,
08/11/2021,12,958,4,28,23,179,19,14,,,,,,PXL_20211001_143626371.MP.jpg,
08/11/2021,12,958,5,31,24,192,19,15,,,,,,PXL_20211001_143626371.MP.jpg,
08/11/2021,12,958,6,21,19,160,17,13,,,,,,PXL_20211001_143626371.MP.jpg,
08/11/2021,12,958,7,29,23,179,17,13,,,,,,PXL_20211001_143626371.MP.jpg,
08/11/2021,12,1018,1,39,31,176,19,15,,,,,,PXL_20211001_143626371.MP.jpg,
08/11/2021,12,1018,2,29,23,168,19,14,,,,,,PXL_20211001_143626371.MP.jpg,
08/11/2021,12,1018,3,28,24,183,20,17,,,,,,PXL_20211001_143626371.MP.jpg,
08/11/2021,12,1018,4,23,20,161,18,14,,,,,,PXL_20211001_143626371.MP.jpg,
08/11/2021,12,1018,5,29,25,177,20,17,,,,,,PXL_20211001_143626371.MP.jpg,
08/11/2021,12,1029,1,22,21,134,18,13,,,,,,PXL_20211001_143626371.MP.jpg,
08/11/2021,12,1029,2,39,29,188,22,18,,,,,,PXL_20211001_143626371.MP.jpg,
08/11/2021,12,1029,3,17,15,124,16,13,,,,,,PXL_20211001_143626371.MP.jpg,
08/11/2021,12,1029,4,29,24,190,21,16,,,,,,PXL_20211001_143626371.MP.jpg,
08/11/2021,12,1029,5,37,28,197,19,15,,,,,,PXL_20211001_143626371.MP.jpg,
08/11/2021,12,1029,6,35,27,195,20,16,,,,,,PXL_20211001_143626371.MP.jpg,
08/11/2021,12,1029,7,33,25,198,20,16,,,,,,PXL_20211001_143626371.MP.jpg,
08/11/2021,12,1029,8,25,22,177,20,15,,,,,,PXL_20211001_143626371.MP.jpg,
08/11/2021,12,1083,1,40,38,183,19,15,,,,,,PXL_20211001_143626371.MP.jpg,
08/11/2021,12,1083,2,35,27,168,20,15,,,,,,PXL_20211001_143626371.MP.jpg,
08/11/2021,12,1083,3,21,18,124,17,12,,,,,,PXL_20211001_143626371.MP.jpg,
08/11/2021,12,1083,4,26,22,126,17,12,,,,,,PXL_20211001_143626371.MP.jpg,
08/11/2021,12,1083,5,38,27,184,18,14,,,,,,PXL_20211001_143626371.MP.jpg,
08/11/2021,12,1083,6,31,25,185,20,14,,,,,,PXL_20211001_143626371.MP.jpg,
08/11/2021,12,1088,1,37,27,173,19,14,,,,,,PXL_20211001_143626371.MP.jpg,
08/11/2021,12,1088,2,21,18,103,16,12,,,,,,PXL_20211001_143626371.MP.jpg,
08/11/2021,12,1088,3,41,29,180,20,16,,,,,,PXL_20211001_143626371.MP.jpg,
08/11/2021,12,1088,4,28,25,167,20,14,,,,,,PXL_20211001_143626371.MP.jpg,
08/11/2021,12,1088,5,21,18,141,17,13,,,,,,PXL_20211001_143626371.MP.jpg,
08/11/2021,12,1088,6,27,23,146,19,14,,,,,,PXL_20211001_143626371.MP.jpg,
08/11/2021,12,1088,7,21,19,159,17,13,,,,,,PXL_20211001_143626371.MP.jpg,
08/11/2021,12,1088,8,34,18,124,16,12,,,,,,PXL_20211001_143626371.MP.jpg,
08/11/2021,12,966,1,32,26,172,19,14,,,,,,PXL_20211001_143626371.MP.jpg,
08/11/2021,12,966,2,33,27,193,19,14,,,,,,PXL_20211001_143626371.MP.jpg,
08/11/2021,12,966,3,30,26,189,21,16,,,,,,PXL_20211001_143639515.MP.jpg,
08/11/2021,12,966,4,16,15,113,16,12,,,,,,PXL_20211001_143639515.MP.jpg,
08/11/2021,12,966,5,32,28,195,20,15,,,,,,PXL_20211001_143639515.MP.jpg,
08/11/2021,12,966,6,30,26,178,18,14,,,,,,PXL_20211001_143639515.MP.jpg,
08/11/2021,12,966,7,17,15,126,16,11,,,,,,PXL_20211001_143639515.MP.jpg,
8/18/21,13,964,1,34,25,207,24,21,,,,,,PXL_20211001_143639515.MP.jpg,
8/18/21,13,964,2,30,25,192,22,18,,,,,,PXL_20211001_143639515.MP.jpg,
8/18/21,13,964,3,23,20,168,20,16,,,,,,PXL_20211001_143639515.MP.jpg,
8/18/21,13,964,4,27,24,216,24,22,,,,,,PXL_20211001_143639515.MP.jpg,
8/18/21,13,964,5,21,19,186,24,21,,,,,,PXL_20211001_143639515.MP.jpg,
8/18/21,13,964,6,31,25,200,26,21,,,,,,PXL_20211001_143639515.MP.jpg,
8/18/21,13,964,7,28,23,198,26,23,,,,,,PXL_20211001_143639515.MP.jpg,
8/18/21,13,964,8,33,27,210,26,25,,,,,,PXL_20211001_143639515.MP.jpg,
8/18/21,13,959,1,33,27,209,22,19,,,,,,PXL_20211001_143639515.MP.jpg,
8/18/21,13,959,2,25,22,205,21,18,,,,,,PXL_20211001_143639515.MP.jpg,
8/18/21,13,959,3,36,28,229,20,20,,,,,,PXL_20211001_143639515.MP.jpg,
8/18/21,13,959,4,33,27,230,21,20,,,,,,PXL_20211001_143639515.MP.jpg,
8/18/21,13,959,5,27,23,239,21,20,,,,,,PXL_20211001_143639515.MP.jpg,
8/18/21,13,959,6,28,25,235,21,20,,,,,,PXL_20211001_143639515.MP.jpg,
8/18/21,13,958,1,30,25,197,23,19,,,,,,PXL_20211001_143639515.MP.jpg,
8/18/21,13,958,2,29,26,235,21,20,,,,,,PXL_20211001_143639515.MP.jpg,
8/18/21,13,958,3,33,25,241,22,22,,,,,,PXL_20211001_143639515.MP.jpg,
8/18/21,13,958,4,26,22,204,21,18,,,,,,PXL_20211001_143639515.MP.jpg,
8/18/21,13,958,5,29,23,234,25,24,,,,,,PXL_20211001_143639515.MP.jpg,
8/18/21,13,958,6,20,20,188,25,21,,,,,,PXL_20211001_143639515.MP.jpg,
8/18/21,13,958,7,23,21,212,24,21,,,,,,PXL_20211001_143639515.MP.jpg,
8/18/21,13,1018,1,40,31,217,20,20,,,,,,PXL_20211001_143639515.MP.jpg,
8/18/21,13,1018,2,26,22,205,21,18,,,,,,PXL_20211001_143639515.MP.jpg,
8/18/21,13,1018,3,25,22,230,21,21,,,,,,PXL_20211001_143639515.MP.jpg,
8/18/21,13,1018,4,21,20,193,20,17,,,,,,PXL_20211001_143639515.MP.jpg,
8/18/21,13,1018,5,27,24,234,21,20,,,,,,PXL_20211001_143639515.MP.jpg,
8/18/21,13,1029,1,24,21,177,21,17,,,,,,PXL_20211001_143639515.MP.jpg,
8/18/21,13,1029,2,37,29,228,23,23,,,,,,PXL_20211001_143639515.MP.jpg,
8/18/21,13,1029,3,17,15,144,20,17,,,,,,PXL_20211001_143639515.MP.jpg,
8/18/21,13,1029,4,29,24,236,22,22,,,,,,PXL_20211001_143639515.MP.jpg,
8/18/21,13,1029,5,31,27,239,20,20,,,,,,PXL_20211001_143639515.MP.jpg,
8/18/21,13,1029,6,28,25,217,20,19,,,,,,PXL_20211001_143639515.MP.jpg,
8/18/21,13,1029,7,27,24,232,21,20,,,,,,PXL_20211001_143639515.MP.jpg,
8/18/21,13,1029,8,24,21,210,21,18,,,,,,PXL_20211001_143639515.MP.jpg,
8/18/21,13,1083,1,37,28,224,20,20,,,,,,PXL_20211001_143639515.MP.jpg,
8/18/21,13,1083,2,33,26,208,20,20,,,,,,PXL_20211001_143639515.MP.jpg,
8/18/21,13,1083,3,21,18,148,18,14,,,,,,PXL_20211001_143639515.MP.jpg,
8/18/21,13,1083,4,27,22,175,21,17,,,,,,PXL_20211001_143707783.MP.jpg,
8/18/21,13,1083,5,35,26,226,19,19,,,,,,PXL_20211001_143707783.MP.jpg,
8/18/21,13,1083,6,29,25,206,24,21,,,,,,PXL_20211001_143707783.MP.jpg,
8/18/21,13,1023,1,34,27,217,23,22,,,,,,PXL_20211001_143707783.MP.jpg,
8/18/21,13,1023,2,15,14,110,18,13,,,,,,PXL_20211001_143707783.MP.jpg,
8/18/21,13,1023,3,25,23,215,23,20,,,,,,PXL_20211001_143707783.MP.jpg,
8/18/21,13,1023,4,25,23,218,23,20,,,,,,PXL_20211001_143707783.MP.jpg,
8/18/21,13,1023,5,17,16,152,20,16,,,,,,PXL_20211001_143707783.MP.jpg,
8/18/21,13,1023,6,25,22,213,22,19,,,,,,PXL_20211001_143707783.MP.jpg,
8/18/21,13,963,1,37,29,214,23,22,,,,,,PXL_20211001_143707783.MP.jpg,
8/18/21,13,963,2,27,25,225,24,22,,,,,,PXL_20211001_143707783.MP.jpg,
8/18/21,13,963,3,30,25,223,24,22,,,,,,PXL_20211001_143707783.MP.jpg,
8/18/21,13,963,4,20,18,177,22,18,,,,,,PXL_20211001_143707783.MP.jpg,
8/18/21,13,963,5,27,25,222,24,22,,,,,,PXL_20211001_143707783.MP.jpg,
8/18/21,13,963,6,25,21,181,22,18,,,,,,PXL_20211001_143707783.MP.jpg,
8/18/21,13,963,7,24,20,190,23,19,,,,,,PXL_20211001_143707783.MP.jpg,
8/25/21,14,964,1,30,24,234,24,24,,,,,,PXL_20211001_143707783.MP.jpg,
8/25/21,14,964,2,28,24,243,22,22,,,,,,PXL_20211001_143707783.MP.jpg,
8/25/21,14,964,3,21,20,223,21,21,,,,,,PXL_20211001_143707783.MP.jpg,
8/25/21,14,964,4,28,24,238,24,24,,,,,,PXL_20211001_143707783.MP.jpg,
8/25/21,14,964,5,20,18,243,26,25,,,,,,PXL_20211001_143707783.MP.jpg,
8/25/21,14,964,6,29,24,251,27,27,,,,,,PXL_20211001_143707783.MP.jpg,
8/25/21,14,964,7,25,22,233,26,26,,,,,,PXL_20211001_143707783.MP.jpg,
8/25/21,14,964,8,33,26,226,26,26,,,,,,PXL_20211001_143707783.MP.jpg,
8/25/21,14,959,1,35,27,235,22,22,,,,,,PXL_20211001_143707783.MP.jpg,
8/25/21,14,959,2,26,21,245,21,21,,,,,,PXL_20211001_143707783.MP.jpg,
8/25/21,14,959,3,35,28,229,20,20,,,,,,PXL_20211001_143707783.MP.jpg,
8/25/21,14,959,4,32,28,242,21,21,,,,,,PXL_20211001_143707783.MP.jpg,
8/25/21,14,959,5,27,23,252,21,21,,,,,,PXL_20211001_143707783.MP.jpg,
8/25/21,14,959,6,28,24,249,21,21,,,,,,PXL_20211001_143707783.MP.jpg,
8/25/21,14,958,1,28,25,245,23,23,,,,,,PXL_20211001_143707783.MP.jpg,
8/25/21,14,958,2,29,25,246,21,21,,,,,,PXL_20211001_143707783.MP.jpg,
8/25/21,14,958,3,31,25,243,22,22,,,,,,PXL_20211001_143707783.MP.jpg,
8/25/21,14,958,4,25,21,244,21,21,,,,,,PXL_20211001_143707783.MP.jpg,
8/25/21,14,958,5,28,22,246,25,25,,,,,,PXL_20211001_143707783.MP.jpg,
8/25/21,14,958,6,20,18,236,25,25,,,,,,PXL_20211001_143707783.MP.jpg,
8/25/21,14,958,7,25,23,246,24,24,,,,,,PXL_20211001_143707783.MP.jpg,
8/25/21,14,1018,1,37,28,218,20,20,,,,,,PXL_20211001_143707783.MP.jpg,
8/25/21,14,1018,2,25,22,247,21,21,,,,,,PXL_20211001_143707783.MP.jpg,
8/25/21,14,1018,3,26,23,230,21,21,,,,,,PXL_20211001_143719960.MP.jpg,
8/25/21,14,1018,4,20,18,236,20,20,,,,,,PXL_20211001_143719960.MP.jpg,
8/25/21,14,1018,5,27,24,247,21,21,,,,,,PXL_20211001_143719960.MP.jpg,
8/25/21,14,1029,1,24,21,225,21,21,,,,,,PXL_20211001_143719960.MP.jpg,
8/25/21,14,1029,2,38,28,228,23,23,,,,,,PXL_20211001_143719960.MP.jpg,
8/25/21,14,1029,3,16,15,185,21,20,,,,,,PXL_20211001_143719960.MP.jpg,
8/25/21,14,1029,4,28,24,237,22,22,,,,,,PXL_20211001_143719960.MP.jpg,
8/25/21,14,1029,5,32,26,240,20,20,,,,,,PXL_20211001_143719960.MP.jpg,
8/25/21,14,1029,6,30,25,239,20,20,,,,,,PXL_20211001_143719960.MP.jpg,
8/25/21,14,1029,7,28,24,243,21,21,,,,,,PXL_20211001_143719960.MP.jpg,
8/25/21,14,1029,8,24,21,247,21,21,,,,,,PXL_20211001_143719960.MP.jpg,
8/25/21,14,1083,1,37,29,224,20,20,,,,,,PXL_20211001_143719960.MP.jpg,
8/25/21,14,1083,2,33,26,220,20,20,,,,,,PXL_20211001_143719960.MP.jpg,
8/25/21,14,1083,3,21,18,185,21,21,,,,,,PXL_20211001_143719960.MP.jpg,
8/25/21,14,1083,4,26,23,201,22,19,,,,,,PXL_20211001_143719960.MP.jpg,
8/25/21,14,1083,5,34,26,226,19,19,,,,,,PXL_20211001_143719960.MP.jpg,
8/25/21,14,1083,6,29,24,238,24,24,,,,,,PXL_20211001_143719960.MP.jpg,
8/25/21,14,1020,1,20,18,208,21,19,,,,,,PXL_20211001_143719960.MP.jpg,
8/25/21,14,1020,2,29,25,233,22,22,,,,,,PXL_20211001_143719960.MP.jpg,
8/25/21,14,1020,3,25,20,245,23,23,,,,,,PXL_20211001_143719960.MP.jpg,
8/25/21,14,1020,4,24,20,248,23,23,,,,,,PXL_20211001_143719960.MP.jpg,
8/25/21,14,1020,5,19,18,222,23,23,,,,,,PXL_20211001_143719960.MP.jpg,
8/25/21,14,1020,6,24,21,244,22,22,,,,,,PXL_20211001_143719960.MP.jpg,
8/25/21,14,1020,7,27,22,242,23,23,,,,,,PXL_20211001_143719960.MP.jpg,
8/25/21,14,971,1,27,23,239,21,21,,,,,,PXL_20211001_143719960.MP.jpg,
8/25/21,14,971,2,36,27,238,22,22,,,,,,PXL_20211001_143719960.MP.jpg,
8/25/21,14,971,3,32,25,245,23,23,,,,,,PXL_20211001_143719960.MP.jpg,
8/25/21,14,971,4,18,16,266,22,22,,,,,,PXL_20211001_143719960.MP.jpg,
8/25/21,14,971,5,34,28,252,22,22,,,,,,PXL_20211001_143719960.MP.jpg,
8/25/21,14,971,6,31,25,247,23,23,,,,,,PXL_20211001_143719960.MP.jpg,
8/25/21,14,971,7,28,25,257,23,23,,,,,,PXL_20211001_143719960.MP.jpg,
09/01/2021,15,964,1,NA,NA,NA,NA,NA,,,,,Missed time point - Iowa,PXL_20211001_143719960.MP.jpg,
09/01/2021,15,964,2,NA,NA,NA,NA,NA,,,,,Missed time point - Iowa,PXL_20211001_143719960.MP.jpg,
09/01/2021,15,964,3,NA,NA,NA,NA,NA,,,,,Missed time point - Iowa,PXL_20211001_143719960.MP.jpg,
09/01/2021,15,964,4,NA,NA,NA,NA,NA,,,,,Missed time point - Iowa,PXL_20211001_143719960.MP.jpg,
09/01/2021,15,964,5,NA,NA,NA,NA,NA,,,,,Missed time point - Iowa,PXL_20211001_143719960.MP.jpg,
09/01/2021,15,964,6,NA,NA,NA,NA,NA,,,,,Missed time point - Iowa,PXL_20211001_143719960.MP.jpg,
09/01/2021,15,964,7,NA,NA,NA,NA,NA,,,,,Missed time point - Iowa,PXL_20211001_143719960.MP.jpg,
09/01/2021,15,964,8,NA,NA,NA,NA,NA,,,,,Missed time point - Iowa,PXL_20211001_143719960.MP.jpg,
09/01/2021,15,959,1,NA,NA,NA,NA,NA,,,,,Missed time point - Iowa,PXL_20211001_143719960.MP.jpg,
09/01/2021,15,959,2,NA,NA,NA,NA,NA,,,,,Missed time point - Iowa,PXL_20211001_143727752.MP.jpg,
09/01/2021,15,959,3,NA,NA,NA,NA,NA,,,,,Missed time point - Iowa,PXL_20211001_143727752.MP.jpg,
09/01/2021,15,959,4,NA,NA,NA,NA,NA,,,,,Missed time point - Iowa,PXL_20211001_143727752.MP.jpg,
09/01/2021,15,959,5,NA,NA,NA,NA,NA,,,,,Missed time point - Iowa,PXL_20211001_143727752.MP.jpg,
09/01/2021,15,959,6,NA,NA,NA,NA,NA,,,,,Missed time point - Iowa,PXL_20211001_143727752.MP.jpg,
09/01/2021,15,958,1,NA,NA,NA,NA,NA,,,,,Missed time point - Iowa,PXL_20211001_143727752.MP.jpg,
09/01/2021,15,958,2,NA,NA,NA,NA,NA,,,,,Missed time point - Iowa,PXL_20211001_143727752.MP.jpg,
09/01/2021,15,958,3,NA,NA,NA,NA,NA,,,,,Missed time point - Iowa,PXL_20211001_143727752.MP.jpg,
09/01/2021,15,958,4,NA,NA,NA,NA,NA,,,,,Missed time point - Iowa,PXL_20211001_143727752.MP.jpg,
09/01/2021,15,958,5,NA,NA,NA,NA,NA,,,,,Missed time point - Iowa,PXL_20211001_143727752.MP.jpg,
09/01/2021,15,958,6,NA,NA,NA,NA,NA,,,,,Missed time point - Iowa,PXL_20211001_143727752.MP.jpg,
09/01/2021,15,958,7,NA,NA,NA,NA,NA,,,,,Missed time point - Iowa,PXL_20211001_143727752.MP.jpg,
09/01/2021,15,1018,1,NA,NA,NA,NA,NA,,,,,Missed time point - Iowa,PXL_20211001_143727752.MP.jpg,
09/01/2021,15,1018,2,NA,NA,NA,NA,NA,,,,,Missed time point - Iowa,PXL_20211001_143727752.MP.jpg,
09/01/2021,15,1018,3,NA,NA,NA,NA,NA,,,,,Missed time point - Iowa,PXL_20211001_143727752.MP.jpg,
09/01/2021,15,1018,4,NA,NA,NA,NA,NA,,,,,Missed time point - Iowa,PXL_20211001_143727752.MP.jpg,
09/01/2021,15,1018,5,NA,NA,NA,NA,NA,,,,,Missed time point - Iowa,PXL_20211001_143727752.MP.jpg,
09/01/2021,15,1029,1,NA,NA,NA,NA,NA,,,,,Missed time point - Iowa,PXL_20211001_143727752.MP.jpg,
09/01/2021,15,1029,2,NA,NA,NA,NA,NA,,,,,Missed time point - Iowa,PXL_20211001_143727752.MP.jpg,
09/01/2021,15,1029,3,NA,NA,NA,NA,NA,,,,,Missed time point - Iowa,PXL_20211001_143727752.MP.jpg,
09/01/2021,15,1029,4,NA,NA,NA,NA,NA,,,,,Missed time point - Iowa,PXL_20211001_143727752.MP.jpg,
09/01/2021,15,1029,5,NA,NA,NA,NA,NA,,,,,Missed time point - Iowa,PXL_20211001_143727752.MP.jpg,
09/01/2021,15,1029,6,NA,NA,NA,NA,NA,,,,,Missed time point - Iowa,PXL_20211001_143727752.MP.jpg,
09/01/2021,15,1029,7,NA,NA,NA,NA,NA,,,,,Missed time point - Iowa,PXL_20211001_143727752.MP.jpg,
09/01/2021,15,1029,8,NA,NA,NA,NA,NA,,,,,Missed time point - Iowa,PXL_20211001_143727752.MP.jpg,
09/01/2021,15,1083,1,NA,NA,NA,NA,NA,,,,,Missed time point - Iowa,PXL_20211001_143727752.MP.jpg,
09/01/2021,15,1083,2,NA,NA,NA,NA,NA,,,,,Missed time point - Iowa,PXL_20211001_143727752.MP.jpg,
09/01/2021,15,1083,3,NA,NA,NA,NA,NA,,,,,Missed time point - Iowa,PXL_20211001_143727752.MP.jpg,
09/01/2021,15,1083,4,NA,NA,NA,NA,NA,,,,,Missed time point - Iowa,PXL_20211001_143727752.MP.jpg,
09/01/2021,15,1083,5,NA,NA,NA,NA,NA,,,,,Missed time point - Iowa,PXL_20211001_143727752.MP.jpg,
09/01/2021,15,1083,6,NA,NA,NA,NA,NA,,,,,Missed time point - Iowa,PXL_20211001_143727752.MP.jpg,
09/01/2021,15,1134,1,NA,NA,NA,NA,NA,,,,,Missed time point - Iowa,PXL_20211001_143727752.MP.jpg,
09/01/2021,15,1134,2,NA,NA,NA,NA,NA,,,,,Missed time point - Iowa,PXL_20211001_143727752.MP.jpg,
09/01/2021,15,1134,3,NA,NA,NA,NA,NA,,,,,Missed time point - Iowa,PXL_20211001_143727752.MP.jpg,
09/01/2021,15,1134,4,NA,NA,NA,NA,NA,,,,,Missed time point - Iowa,PXL_20211001_143727752.MP.jpg,
09/01/2021,15,1134,5,NA,NA,NA,NA,NA,,,,,Missed time point - Iowa,PXL_20211001_143727752.MP.jpg,
09/01/2021,15,1134,6,NA,NA,NA,NA,NA,,,,,Missed time point - Iowa,PXL_20211001_143727752.MP.jpg,
09/01/2021,15,1134,7,NA,NA,NA,NA,NA,,,,,Missed time point - Iowa,PXL_20211001_143727752.MP.jpg,
09/01/2021,15,1134,8,NA,NA,NA,NA,NA,,,,,Missed time point - Iowa,PXL_20211001_143727752.MP.jpg,
09/01/2021,15,1134,9,NA,NA,NA,NA,NA,,,,,Missed time point - Iowa,PXL_20211001_143727752.MP.jpg,
09/01/2021,15,1021,1,NA,NA,NA,NA,NA,,,,,Missed time point - Iowa,PXL_20211001_143727752.MP.jpg,
09/01/2021,15,1021,2,NA,NA,NA,NA,NA,,,,,Missed time point - Iowa,PXL_20211001_143727752.MP.jpg,
09/01/2021,15,1021,3,NA,NA,NA,NA,NA,,,,,Missed time point - Iowa,PXL_20211001_143727752.MP.jpg,
09/01/2021,15,1021,4,NA,NA,NA,NA,NA,,,,,Missed time point - Iowa,PXL_20211001_143727752.MP.jpg,
09/01/2021,15,1021,5,NA,NA,NA,NA,NA,,,,,Missed time point - Iowa,PXL_20211001_143739586.MP.jpg,
09/01/2021,15,1021,6,NA,NA,NA,NA,NA,,,,,Missed time point - Iowa,PXL_20211001_143739586.MP.jpg,
09/01/2021,15,1021,7,NA,NA,NA,NA,NA,,,,,Missed time point - Iowa,PXL_20211001_143739586.MP.jpg,
09/01/2021,15,1021,8,NA,NA,NA,NA,NA,,,,,Missed time point - Iowa,PXL_20211001_143739586.MP.jpg,
09/01/2021,15,1021,9,NA,NA,NA,NA,NA,,,,,Missed time point - Iowa,PXL_20211001_143739586.MP.jpg,
09/08/2021,16,964,1,29,24,235,,,,,,,,PXL_20211001_143739586.MP.jpg,
09/08/2021,16,964,2,26,23,243,,,,,,,,PXL_20211001_143739586.MP.jpg,
09/08/2021,16,964,3,20,28,230,,,,,,,,PXL_20211001_143739586.MP.jpg,
09/08/2021,16,964,4,27,23,239,,,,,,,,PXL_20211001_143739586.MP.jpg,
09/08/2021,16,964,5,20,18,264,,,,,,,,PXL_20211001_143739586.MP.jpg,
09/08/2021,16,964,6,28,23,250,,,,,,,,PXL_20211001_143739586.MP.jpg,
09/08/2021,16,964,7,25,22,235,,,,,,,,PXL_20211001_143739586.MP.jpg,
09/08/2021,16,964,8,30,25,230,,,,,,,,PXL_20211001_143739586.MP.jpg,
09/08/2021,16,959,1,31,26,236,,,,,,,,PXL_20211001_143739586.MP.jpg,
09/08/2021,16,959,2,25,21,244,,,,,,,,PXL_20211001_143739586.MP.jpg,
09/08/2021,16,959,3,34,28,228,,,,,,,,PXL_20211001_143739586.MP.jpg,
09/08/2021,16,959,4,29,25,243,,,,,,,,PXL_20211001_143739586.MP.jpg,
09/08/2021,16,959,5,27,23,254,,,,,,,,PXL_20211001_143739586.MP.jpg,
09/08/2021,16,959,6,25,22,248,,,,,,,,PXL_20211001_143739586.MP.jpg,
09/08/2021,16,958,1,25,23,244,,,,,,,,PXL_20211001_143739586.MP.jpg,
09/08/2021,16,958,2,28,25,247,,,,,,,,PXL_20211001_143739586.MP.jpg,
09/08/2021,16,958,3,29,25,243,,,,,,,,PXL_20211001_143739586.MP.jpg,
09/08/2021,16,958,4,23,21,246,,,,,,,,PXL_20211001_143739586.MP.jpg,
09/08/2021,16,958,5,25,22,248,,,,,,,,PXL_20211001_143739586.MP.jpg,
09/08/2021,16,958,6,18,17,244,,,,,,,,PXL_20211001_143739586.MP.jpg,
09/08/2021,16,958,7,24,22,247,,,,,,,,PXL_20211001_143739586.MP.jpg,
09/08/2021,16,1018,1,34,29,217,,,,,,,,PXL_20211001_143739586.MP.jpg,
09/08/2021,16,1018,2,25,21,248,,,,,,,,PXL_20211001_143739586.MP.jpg,
09/08/2021,16,1018,3,26,23,229,,,,,,,,PXL_20211001_143739586.MP.jpg,
09/08/2021,16,1018,4,20,18,239,,,,,,,,PXL_20211001_143739586.MP.jpg,
09/08/2021,16,1018,5,26,23,249,,,,,,,,PXL_20211001_143739586.MP.jpg,
09/08/2021,16,1029,1,22,20,240,,,,,,,,PXL_20211001_143739586.MP.jpg,
09/08/2021,16,1029,2,33,28,230,,,,,,,,PXL_20211001_143739586.MP.jpg,
09/08/2021,16,1029,3,15,14,214,,,,,,,,PXL_20211001_143739586.MP.jpg,
09/08/2021,16,1029,4,27,23,237,,,,,,,,PXL_20211001_143739586.MP.jpg,
09/08/2021,16,1029,5,30,26,241,,,,,,,,PXL_20211001_143739586.MP.jpg,
09/08/2021,16,1029,6,29,26,241,,,,,,,,PXL_20211001_143739586.MP.jpg,
09/08/2021,16,1029,7,27,24,244,,,,,,,,PXL_20211001_143739586.MP.jpg,
09/08/2021,16,1029,8,23,20,247,,,,,,,,PXL_20211001_143739586.MP.jpg,
09/08/2021,16,1083,1,33,28,221,,,,,,,,PXL_20211001_143739586.MP.jpg,
09/08/2021,16,1083,2,30,25,220,,,,,,,,PXL_20211001_143739586.MP.jpg,
09/08/2021,16,1083,3,19,17,234,,,,,,,,PXL_20211001_143739586.MP.jpg,
09/08/2021,16,1083,4,22,20,241,,,,,,,,PXL_20211001_143739586.MP.jpg,
09/08/2021,16,1083,5,30,25,227,,,,,,,,PXL_20211001_143739586.MP.jpg,
09/08/2021,16,1083,6,26,24,238,,,,,,,All plants have shed pollen + silked by 9/10/2021,PXL_20211001_143750658.MP.jpg,
09/08/2021,16,910,1,29,24,217,22,,,,,,All plants have shed pollen + silked by 9/10/2021,PXL_20211001_143750658.MP.jpg,
09/08/2021,16,910,2,21,19,226,21,,,,,,All plants have shed pollen + silked by 9/10/2021,PXL_20211001_143750658.MP.jpg,
09/08/2021,16,910,3,21,19,236,23,,,,,,All plants have shed pollen + silked by 9/10/2021,PXL_20211001_143750658.MP.jpg,
09/08/2021,16,910,4,21,19,219,21,,,,,,All plants have shed pollen + silked by 9/10/2021,PXL_20211001_143750658.MP.jpg,
09/08/2021,16,910,5,26,22,236,22,,,,,,All plants have shed pollen + silked by 9/10/2021,PXL_20211001_143750658.MP.jpg,
09/08/2021,16,910,6,28,26,223,23,,,,,,All plants have shed pollen + silked by 9/10/2021,PXL_20211001_143750658.MP.jpg,
09/08/2021,16,910,7,16,15,174,21,,,,,,All plants have shed pollen + silked by 9/10/2021,PXL_20211001_143750658.MP.jpg,
09/08/2021,16,910,8,NA,NA,NA,NA,,,,,,,PXL_20211001_143750658.MP.jpg,
09/08/2021,16,910,9,NA,NA,NA,NA,,,,,,,PXL_20211001_143750658.MP.jpg,
09/08/2021,16,1078,1,29,25,227,22,,,,,,All plants have shed pollen + silked by 9/10/2021,PXL_20211001_143750658.MP.jpg,
09/08/2021,16,1078,2,33,27,230,22,,,,,,All plants have shed pollen + silked by 9/10/2021,PXL_20211001_143750658.MP.jpg,
09/08/2021,16,1078,3,25,23,238,22,,,,,,All plants have shed pollen + silked by 9/10/2021,PXL_20211001_143750658.MP.jpg,
09/08/2021,16,1078,4,30,25,226,22,,,,,,All plants have shed pollen + silked by 9/10/2021,PXL_20211001_143750658.MP.jpg,
09/08/2021,16,1078,5,25,21,237,21,,,,,,All plants have shed pollen + silked by 9/10/2021,PXL_20211001_143750658.MP.jpg,
09/08/2021,16,1078,6,28,24,223,22,,,,,,All plants have shed pollen + silked by 9/10/2021,PXL_20211001_143750658.MP.jpg,
09/08/2021,16,1078,7,22,19,256,22,,,,,,All plants have shed pollen + silked by 9/10/2021,PXL_20211001_143750658.MP.jpg,
09/08/2021,16,1078,8,NA,NA,NA,NA,,,,,,,PXL_20211001_143750658.MP.jpg,
09/08/2021,16,1078,9,NA,NA,NA,NA,,,,,,,PXL_20211001_143750658.MP.jpg,
9/15/21,17,964,1,28,24,,,,,,,,All plants have shed pollen + silked by 9/10/2021,PXL_20211001_143750658.MP.jpg,
9/15/21,17,964,2,26,23,,,,,,,,All plants have shed pollen + silked by 9/10/2021,PXL_20211001_143750658.MP.jpg,
9/15/21,17,964,3,20,18,,,,,,,,All plants have shed pollen + silked by 9/10/2021,PXL_20211001_143750658.MP.jpg,
9/15/21,17,964,4,27,23,,,,,,,,All plants have shed pollen + silked by 9/10/2021,PXL_20211001_143750658.MP.jpg,
9/15/21,17,964,5,20,18,,,,,,,,All plants have shed pollen + silked by 9/10/2021,PXL_20211001_143750658.MP.jpg,
9/15/21,17,964,6,27,23,,,,,,,,All plants have shed pollen + silked by 9/10/2021,PXL_20211001_143750658.MP.jpg,
9/15/21,17,964,7,25,21,,,,,,,,All plants have shed pollen + silked by 9/10/2021,PXL_20211001_143750658.MP.jpg,
9/15/21,17,964,8,32,26,,,,,,,,All plants have shed pollen + silked by 9/10/2021,PXL_20211001_143750658.MP.jpg,
9/15/21,17,959,1,31,28,,,,,,,,All plants have shed pollen + silked by 9/10/2021,PXL_20211001_143750658.MP.jpg,
9/15/21,17,959,2,23,20,,,,,,,,All plants have shed pollen + silked by 9/10/2021,PXL_20211001_143750658.MP.jpg,
9/15/21,17,959,3,34,29,,,,,,,,All plants have shed pollen + silked by 9/10/2021,PXL_20211001_143750658.MP.jpg,
9/15/21,17,959,4,30,25,,,,,,,,All plants have shed pollen + silked by 9/10/2021,PXL_20211001_143750658.MP.jpg,
9/15/21,17,959,5,25,23,,,,,,,,All plants have shed pollen + silked by 9/10/2021,PXL_20211001_143750658.MP.jpg,
9/15/21,17,959,6,25,22,,,,,,,,All plants have shed pollen + silked by 9/10/2021,PXL_20211001_143750658.MP.jpg,
9/15/21,17,958,1,25,23,,,,,,,,All plants have shed pollen + silked by 9/10/2021,PXL_20211001_143750658.MP.jpg,
9/15/21,17,958,2,28,24,,,,,,,,All plants have shed pollen + silked by 9/10/2021,PXL_20211001_143750658.MP.jpg,
9/15/21,17,958,3,28,25,,,,,,,,All plants have shed pollen + silked by 9/10/2021,PXL_20211001_143750658.MP.jpg,
9/15/21,17,958,4,23,20,,,,,,,,All plants have shed pollen + silked by 9/10/2021,PXL_20211001_143750658.MP.jpg,
9/15/21,17,958,5,25,22,,,,,,,,All plants have shed pollen + silked by 9/10/2021,PXL_20211001_143750658.MP.jpg,
9/15/21,17,958,6,18,17,,,,,,,,All plants have shed pollen + silked by 9/10/2021,PXL_20211001_143750658.MP.jpg,
9/15/21,17,958,7,24,22,,,,,,,,All plants have shed pollen + silked by 9/10/2021,PXL_20211001_143750658.MP.jpg,
9/15/21,17,1018,1,33,29,,,,,,,,All plants have shed pollen + silked by 9/10/2021,PXL_20211001_143750658.MP.jpg,
9/15/21,17,1018,2,24,22,,,,,,,,All plants have shed pollen + silked by 9/10/2021,PXL_20211001_143750658.MP.jpg,
9/15/21,17,1018,3,26,22,,,,,,,,All plants have shed pollen + silked by 9/10/2021,PXL_20211001_143750658.MP.jpg,
9/15/21,17,1018,4,19,18,,,,,,,,All plants have shed pollen + silked by 9/10/2021,PXL_20211001_143750658.MP.jpg,
9/15/21,17,1018,5,25,23,,,,,,,,,PXL_20211001_143806781.MP.jpg,
9/15/21,17,1029,1,21,20,,,,,,,,,PXL_20211001_143806781.MP.jpg,
9/15/21,17,1029,2,32,26,,,,,,,,,PXL_20211001_143806781.MP.jpg,
9/15/21,17,1029,3,14,14,,,,,,,,,PXL_20211001_143806781.MP.jpg,
9/15/21,17,1029,4,27,23,,,,,,,,,PXL_20211001_143806781.MP.jpg,
9/15/21,17,1029,5,32,26,,,,,,,,,PXL_20211001_143806781.MP.jpg,
9/15/21,17,1029,6,29,26,,,,,,,,,PXL_20211001_143806781.MP.jpg,
9/15/21,17,1029,7,28,24,,,,,,,,,PXL_20211001_143806781.MP.jpg,
9/15/21,17,1029,8,22,20,,,,,,,,,PXL_20211001_143806781.MP.jpg,
9/15/21,17,1083,1,33,28,,,,,,,,,PXL_20211001_143806781.MP.jpg,
9/15/21,17,1083,2,29,25,,,,,,,,,PXL_20211001_143806781.MP.jpg,
9/15/21,17,1083,3,18,16,,,,,,,,,PXL_20211001_143806781.MP.jpg,
9/15/21,17,1083,4,22,20,,,,,,,,,PXL_20211001_143806781.MP.jpg,
9/15/21,17,1083,5,30,25,,,,,,,,,PXL_20211001_143806781.MP.jpg,
9/15/21,17,1083,6,26,23,,,,,,,,,PXL_20211001_143806781.MP.jpg,
9/15/21,17,1137,1,25,23,230,22,,,,,,,PXL_20211001_143806781.MP.jpg,
9/15/21,17,1137,2,28,25,223,21,,,,,,,PXL_20211001_143806781.MP.jpg,
9/15/21,17,1137,3,27,23,240,23,,,,,,,PXL_20211001_143806781.MP.jpg,
9/15/21,17,1137,4,23,20,226,21,,,,,,,PXL_20211001_143806781.MP.jpg,
9/15/21,17,1137,5,26,23,230,22,,,,,,,PXL_20211001_143806781.MP.jpg,
9/15/21,17,1137,6,18,16,240,21,,,,,,,PXL_20211001_143806781.MP.jpg,
9/15/21,17,1137,7,28,25,219,21,,,,,,,PXL_20211001_143806781.MP.jpg,
9/15/21,17,1137,8,NA,NA,NA,NA,,,,,,,PXL_20211001_143806781.MP.jpg,
9/15/21,17,1137,9,NA,NA,NA,NA,,,,,,,PXL_20211001_143806781.MP.jpg,
9/15/21,17,1086,1,35,30,230,22,,,,,,,PXL_20211001_143806781.MP.jpg,
9/15/21,17,1086,2,27,23,235,21,,,,,,,PXL_20211001_143806781.MP.jpg,
9/15/21,17,1086,3,25,22,253,23,,,,,,,PXL_20211001_143806781.MP.jpg,
9/15/21,17,1086,4,21,19,249,22,,,,,,,PXL_20211001_143806781.MP.jpg,
9/15/21,17,1086,5,29,15,244,22,,,,,,,PXL_20211001_143806781.MP.jpg,
9/15/21,17,1086,6,32,25,239,23,,,,,,,PXL_20211001_143806781.MP.jpg,
9/15/21,17,1086,7,25,21,252,22,,,,,,,PXL_20211001_143806781.MP.jpg,
9/15/21,17,1086,8,NA,NA,NA,NA,,,,,,,PXL_20211001_143806781.MP.jpg,
9/15/21,17,1086,9,NA,NA,NA,NA,,,,,,,PXL_20211001_143806781.MP.jpg,
9/22/21,18,964,1,28,23,,,,,,,,,PXL_20211001_143806781.MP.jpg,
9/22/21,18,964,2,26,23,,,,,,,,,PXL_20211001_143806781.MP.jpg,
9/22/21,18,964,3,20,18,,,,,,,,,PXL_20211001_143806781.MP.jpg,
9/22/21,18,964,4,26,23,,,,,,,,,PXL_20211001_143806781.MP.jpg,
9/22/21,18,964,5,20,18,,,,,,,,,PXL_20211001_143806781.MP.jpg,
9/22/21,18,964,6,26,23,,,,,,,,,PXL_20211001_143806781.MP.jpg,
9/22/21,18,964,7,24,21,,,,,,,,,PXL_20211001_143806781.MP.jpg,
9/22/21,18,964,8,32,27,,,,,,,,,PXL_20211001_143806781.MP.jpg,
9/22/21,18,959,1,32,27,,,,,,,,,PXL_20211001_143806781.MP.jpg,
9/22/21,18,959,2,23,20,,,,,,,,,PXL_20211001_143806781.MP.jpg,
9/22/21,18,959,3,33,27,,,,,,,,,PXL_20211001_143806781.MP.jpg,
9/22/21,18,959,4,29,25,,,,,,,,,PXL_20211001_143821744.MP.jpg,
9/22/21,18,959,5,26,23,,,,,,,,,PXL_20211001_143821744.MP.jpg,
9/22/21,18,959,6,25,22,,,,,,,,,PXL_20211001_143821744.MP.jpg,PXL_20211001_143821744.MP.jpg
9/22/21,18,958,1,25,23,,,,,,,,,PXL_20211001_143821744.MP.jpg,PXL_20211001_143821744.MP.jpg
9/22/21,18,958,2,28,25,,,,,,,,,PXL_20211001_143821744.MP.jpg,PXL_20211001_143821744.MP.jpg
9/22/21,18,958,3,28,24,,,,,,,,,PXL_20211001_143821744.MP.jpg,PXL_20211001_143821744.MP.jpg
9/22/21,18,958,4,22,20,,,,,,,,,PXL_20211001_143821744.MP.jpg,PXL_20211001_143821744.MP.jpg
9/22/21,18,958,5,25,21,,,,,,,,,PXL_20211001_143821744.MP.jpg,PXL_20211001_143821744.MP.jpg
9/22/21,18,958,6,18,17,,,,,,,,,PXL_20211001_143821744.MP.jpg,PXL_20211001_143821744.MP.jpg
9/22/21,18,958,7,24,22,,,,,,,,,PXL_20211001_143821744.MP.jpg,PXL_20211001_143821744.MP.jpg
9/22/21,18,1018,1,33,28,,,,,,,,,PXL_20211001_143821744.MP.jpg,PXL_20211001_143821744.MP.jpg
9/22/21,18,1018,2,25,21,,,,,,,,,PXL_20211001_143821744.MP.jpg,PXL_20211001_143821744.MP.jpg
9/22/21,18,1018,3,26,22,,,,,,,,,PXL_20211001_143821744.MP.jpg,PXL_20211001_143821744.MP.jpg
9/22/21,18,1018,4,20,17,,,,,,,,,PXL_20211001_143821744.MP.jpg,PXL_20211001_143821744.MP.jpg
9/22/21,18,1018,5,25,22,,,,,,,,,PXL_20211001_143821744.MP.jpg,PXL_20211001_143821744.MP.jpg
9/22/21,18,1029,1,21,20,,,,,,,,,PXL_20211001_143821744.MP.jpg,PXL_20211001_143821744.MP.jpg
9/22/21,18,1029,2,32,27,,,,,,,,,PXL_20211001_143821744.MP.jpg,PXL_20211001_143821744.MP.jpg
9/22/21,18,1029,3,14,14,,,,,,,,,PXL_20211001_143821744.MP.jpg,PXL_20211001_143821744.MP.jpg
9/22/21,18,1029,4,27,23,,,,,,,,,PXL_20211001_143821744.MP.jpg,PXL_20211001_143821744.MP.jpg
9/22/21,18,1029,5,30,26,,,,,,,,,PXL_20211001_143821744.MP.jpg,PXL_20211001_143821744.MP.jpg
9/22/21,18,1029,6,30,25,,,,,,,,,PXL_20211001_143821744.MP.jpg,PXL_20211001_143821744.MP.jpg
9/22/21,18,1029,7,29,24,,,,,,,,,PXL_20211001_143821744.MP.jpg,PXL_20211001_143821744.MP.jpg
9/22/21,18,1029,8,23,20,,,,,,,,,PXL_20211001_143821744.MP.jpg,PXL_20211001_143821744.MP.jpg
9/22/21,18,1083,1,31,27,,,,,,,,,PXL_20211001_143821744.MP.jpg,PXL_20211001_143821744.MP.jpg
9/22/21,18,1083,2,29,25,,,,,,,,,PXL_20211001_143821744.MP.jpg,PXL_20211001_143821744.MP.jpg
9/22/21,18,1083,3,18,16,,,,,,,,,PXL_20211001_143821744.MP.jpg,PXL_20211001_143821744.MP.jpg
9/22/21,18,1083,4,22,19,,,,,,,,,PXL_20211001_143821744.MP.jpg,PXL_20211001_143821744.MP.jpg
9/22/21,18,1083,5,29,25,,,,,,,,,PXL_20211001_143821744.MP.jpg,PXL_20211001_143821744.MP.jpg
9/22/21,18,1083,6,26,23,,,,,,,,,PXL_20211001_143821744.MP.jpg,PXL_20211001_143821744.MP.jpg
9/22/21,18,1025,1,27,25,221,22,,,,,,,PXL_20211001_143821744.MP.jpg,PXL_20211001_143821744.MP.jpg
9/22/21,18,1025,2,17,15,236,21,,,,,,,PXL_20211001_143821744.MP.jpg,PXL_20211001_143821744.MP.jpg
9/22/21,18,1025,3,32,25,231,23,,,,,,,PXL_20211001_143821744.MP.jpg,PXL_20211001_143821744.MP.jpg
9/22/21,18,1025,4,20,19,257,22,,,,,,,PXL_20211001_143821744.MP.jpg,PXL_20211001_143821744.MP.jpg
9/22/21,18,1025,5,22,20,248,21,,,,,,,PXL_20211001_143821744.MP.jpg,PXL_20211001_143821744.MP.jpg
9/22/21,18,1025,6,25,22,241,22,,,,,,,PXL_20211001_143821744.MP.jpg,PXL_20211001_143821744.MP.jpg
9/22/21,18,1025,7,16,15,255,20,,,,,,,PXL_20211001_143821744.MP.jpg,PXL_20211001_143821744.MP.jpg
9/22/21,18,1025,8,NA,NA,NA,NA,,,,,,,PXL_20211001_143821744.MP.jpg,PXL_20211001_143821744.MP.jpg
9/22/21,18,1025,9,NA,NA,NA,NA,,,,,,,PXL_20211001_143821744.MP.jpg,PXL_20211001_143821744.MP.jpg
9/22/21,18,912,1,22,19,218,22,,,,,,,PXL_20211001_143821744.MP.jpg,PXL_20211001_143821744.MP.jpg
9/22/21,18,912,2,27,24,228,21,,,,,,,PXL_20211001_143821744.MP.jpg,PXL_20211001_143821744.MP.jpg
9/22/21,18,912,3,23,20,226,22,,,,,,,PXL_20211001_143821744.MP.jpg,PXL_20211001_143821744.MP.jpg
9/22/21,18,912,4,20,18,237,21,,,,,,,PXL_20211001_143821744.MP.jpg,PXL_20211001_143821744.MP.jpg
9/22/21,18,912,5,28,24,213,22,,,,,,,PXL_20211001_143821744.MP.jpg,PXL_20211001_143821744.MP.jpg
9/22/21,18,912,6,25,21,227,21,,,,,,,PXL_20211001_143821744.MP.jpg,PXL_20211001_143821744.MP.jpg
9/22/21,18,912,7,22,20,228,22,,,,,,,PXL_20211001_143838304.MP.jpg,
9/22/21,18,912,8,NA,NA,NA,NA,,,,,,,PXL_20211001_143838304.MP.jpg,
9/22/21,18,912,9,NA,NA,NA,NA,,,,,,,PXL_20211001_143838304.MP.jpg,
9/28/21,19,910,1,26,24,,,,,,,,,PXL_20211001_143320504.MP.jpg,
9/28/21,19,910,2,20,18,,,,,,,,,PXL_20211001_143320504.MP.jpg,
9/28/21,19,910,3,21,19,,,,,,,,,PXL_20211001_143320504.MP.jpg,
9/28/21,19,910,4,21,18,,,,,,,,,PXL_20211001_143320504.MP.jpg,
9/28/21,19,910,5,26,25,,,,,,,,,PXL_20211001_143320504.MP.jpg,
9/28/21,19,910,6,30,27,,,,,,,,,PXL_20211001_143320504.MP.jpg,
9/28/21,19,910,7,16,14,,,,,,,,,PXL_20211001_143320504.MP.jpg,
9/28/21,19,910,8,28,26,,,,,,,,,PXL_20211001_143320504.MP.jpg,
9/28/21,19,910,9,31,28,,,,,,,,,PXL_20211001_143320504.MP.jpg,
9/28/21,19,910,10,19,17,,,,,,,,,PXL_20211001_143320504.MP.jpg,
9/28/21,19,910,11,31,26,,,,,,,,,PXL_20211001_143320504.MP.jpg,
9/28/21,19,910,12,27,26,,,,,,,,,PXL_20211001_143320504.MP.jpg,
9/28/21,19,910,13,27,25,,,,,,,,,PXL_20211001_143320504.MP.jpg,
9/28/21,19,910,14,31,26,,,,,,,,,PXL_20211001_143320504.MP.jpg,
9/28/21,19,912,1,22,21,,,,,,,,,PXL_20211001_143320504.MP.jpg,
9/28/21,19,912,2,26,25,,,,,,,,,PXL_20211001_143320504.MP.jpg,
9/28/21,19,912,3,23,21,,,,,,,,,PXL_20211001_143320504.MP.jpg,
9/28/21,19,912,4,19,17,,,,,,,,,PXL_20211001_143320504.MP.jpg,
9/28/21,19,912,5,26,24,,,,,,,,,PXL_20211001_143320504.MP.jpg,
9/28/21,19,912,6,24,21,,,,,,,,,PXL_20211001_143320504.MP.jpg,
9/28/21,19,912,7,25,19,,,,,,,,,PXL_20211001_143320504.MP.jpg,
9/28/21,19,912,8,30,24,,,,,,,,,PXL_20211001_143320504.MP.jpg,
9/28/21,19,912,9,28,25,,,,,,,,,PXL_20211001_143320504.MP.jpg,
9/28/21,19,912,10,24,23,,,,,,,,,PXL_20211001_143320504.MP.jpg,
9/28/21,19,912,11,30,26,,,,,,,,,PXL_20211001_143320504.MP.jpg,
9/28/21,19,912,12,27,25,,,,,,,,,PXL_20211001_143320504.MP.jpg,
9/28/21,19,915,1,26,24,,,,,,,,,PXL_20211001_143320504.MP.jpg,
9/28/21,19,915,2,29,24,,,,,,,,,PXL_20211001_143320504.MP.jpg,
9/28/21,19,915,3,22,18,,,,,,,,,PXL_20211001_143320504.MP.jpg,
9/28/21,19,915,4,24,21,,,,,,,,,PXL_20211001_143320504.MP.jpg,
9/28/21,19,915,5,25,22,,,,,,,,,PXL_20211001_143320504.MP.jpg,
9/28/21,19,915,6,21,19,,,,,,,,,PXL_20211001_143320504.MP.jpg,
9/28/21,19,915,7,19,16,,,,,,,,,PXL_20211001_143320504.MP.jpg,
9/28/21,19,915,8,18,15,,,,,,,,,PXL_20211001_143320504.MP.jpg,
9/28/21,19,915,9,28,27,,,,,,,,,PXL_20211001_143320504.MP.jpg,
9/28/21,19,915,10,25,19,,,,,,,,,PXL_20211001_143320504.MP.jpg,
9/28/21,19,915,11,22,20,,,,,,,,,PXL_20211001_143320504.MP.jpg,
9/28/21,19,915,12,26,21,,,,,,,,,PXL_20211001_143320504.MP.jpg,
9/28/21,19,915,13,18,16,,,,,,,,,PXL_20211001_143320504.MP.jpg,
9/28/21,19,915,14,27,24,,,,,,,,,PXL_20211001_143320504.MP.jpg,
9/28/21,19,915,15,31,24,,,,,,,,,PXL_20211001_143320504.MP.jpg,
9/28/21,19,915,16,21,20,,,,,,,,,PXL_20211001_143320504.MP.jpg,
9/28/21,19,964,1,26,24,,,,,,,,,PXL_20211001_143320504.MP.jpg,
9/28/21,19,964,2,26,22,,,,,,,,,PXL_20211001_143320504.MP.jpg,
9/28/21,19,964,3,21,19,,,,,,,,,PXL_20211001_143320504.MP.jpg,
9/28/21,19,964,4,26,23,,,,,,,,,PXL_20211001_143320504.MP.jpg,
9/28/21,19,964,5,20,18,,,,,,,,,PXL_20211001_143320504.MP.jpg,
9/28/21,19,964,6,26,24,,,,,,,,,PXL_20211001_143320504.MP.jpg,
9/28/21,19,964,7,25,22,,,,,,,,,PXL_20211001_143320504.MP.jpg,
9/28/21,19,964,8,27,26,,,,,,,,,PXL_20211001_143320504.MP.jpg,
9/28/21,19,964,9,29,24,,,,,,,,,PXL_20211001_143320504.MP.jpg,
9/28/21,19,964,10,22,18,,,,,,,,,PXL_20211001_143320504.MP.jpg,
9/28/21,19,964,11,29,21,,,,,,,,,PXL_20211001_143320504.MP.jpg,
9/28/21,19,964,12,21,19,,,,,,,,,PXL_20211001_143320504.MP.jpg,
9/28/21,19,964,13,30,27,,,,,,,,,PXL_20211001_143320504.MP.jpg,
9/28/21,19,964,14,29,27,,,,,,,,,PXL_20211001_143320504.MP.jpg,
9/28/21,19,964,15,29,25,,,,,,,,,PXL_20211001_143320504.MP.jpg,
9/28/21,19,963,1,34,32,,,,,,,,,PXL_20211001_143338187.MP.jpg,
9/28/21,19,963,2,30,24,,,,,,,,,PXL_20211001_143338187.MP.jpg,
9/28/21,19,963,3,27,24,,,,,,,,,PXL_20211001_143338187.MP.jpg,
9/28/21,19,963,4,19,17,,,,,,,,,PXL_20211001_143338187.MP.jpg,
9/28/21,19,963,5,29,24,,,,,,,,,PXL_20211001_143338187.MP.jpg,
9/28/21,19,963,6,24,20,,,,,,,,,PXL_20211001_143338187.MP.jpg,
9/28/21,19,963,7,21,20,,,,,,,,,PXL_20211001_143338187.MP.jpg,
9/28/21,19,963,8,25,20,,,,,,,,,PXL_20211001_143338187.MP.jpg,
9/28/21,19,963,9,24,22,,,,,,,,,PXL_20211001_143338187.MP.jpg,
9/28/21,19,963,10,23,22,,,,,,,,,PXL_20211001_143338187.MP.jpg,
9/28/21,19,963,11,20,18,,,,,,,,,PXL_20211001_143338187.MP.jpg,
9/28/21,19,963,12,31,27,,,,,,,,,PXL_20211001_143338187.MP.jpg,
9/28/21,19,963,13,21,20,,,,,,,,,PXL_20211001_143338187.MP.jpg,
9/28/21,19,963,14,30,24,,,,,,,,,PXL_20211001_143338187.MP.jpg,
9/28/21,19,963,15,23,20,,,,,,,,,PXL_20211001_143338187.MP.jpg,
9/28/21,19,962,1,30,26,,,,,,,,,PXL_20211001_143338187.MP.jpg,
9/28/21,19,962,2,27,26,,,,,,,,,PXL_20211001_143338187.MP.jpg,
9/28/21,19,962,3,22,20,,,,,,,,,PXL_20211001_143338187.MP.jpg,
9/28/21,19,962,4,26,23,,,,,,,,,PXL_20211001_143338187.MP.jpg,
9/28/21,19,962,5,30,25,,,,,,,,,PXL_20211001_143338187.MP.jpg,
9/28/21,19,962,6,27,23,,,,,,,,,PXL_20211001_143338187.MP.jpg,
9/28/21,19,962,7,25,22,,,,,,,,,PXL_20211001_143338187.MP.jpg,
9/28/21,19,962,8,20,18,,,,,,,,,PXL_20211001_143338187.MP.jpg,
9/28/21,19,962,9,29,25,,,,,,,,,PXL_20211001_143338187.MP.jpg,
9/28/21,19,962,10,24,20,,,,,,,,,PXL_20211001_143338187.MP.jpg,
9/28/21,19,962,11,24,20,,,,,,,,,PXL_20211001_143338187.MP.jpg,
9/28/21,19,962,12,25,20,,,,,,,,,PXL_20211001_143338187.MP.jpg,
9/28/21,19,962,13,24,21,,,,,,,,,PXL_20211001_143338187.MP.jpg,
9/28/21,19,962,14,25,21,,,,,,,,,PXL_20211001_143338187.MP.jpg,
9/28/21,19,962,15,30,27,,,,,,,,,PXL_20211001_143338187.MP.jpg,
9/28/21,19,960,1,26,25,,,,,,,,,PXL_20211001_143338187.MP.jpg,
9/28/21,19,960,2,23,22,,,,,,,,,PXL_20211001_143338187.MP.jpg,
9/28/21,19,960,3,28,24,,,,,,,,,PXL_20211001_143338187.MP.jpg,
9/28/21,19,960,4,24,23,,,,,,,,,PXL_20211001_143338187.MP.jpg,
9/28/21,19,960,5,23,28,,,,,,,,,PXL_20211001_143338187.MP.jpg,
9/28/21,19,960,6,26,24,,,,,,,,,PXL_20211001_143338187.MP.jpg,
9/28/21,19,960,7,28,26,,,,,,,,,PXL_20211001_143338187.MP.jpg,
9/28/21,19,960,8,28,25,,,,,,,,,PXL_20211001_143338187.MP.jpg,
9/28/21,19,960,9,27,25,,,,,,,,,PXL_20211001_143338187.MP.jpg,
9/28/21,19,960,10,25,23,,,,,,,,,PXL_20211001_143338187.MP.jpg,
9/28/21,19,960,11,18,17,,,,,,,,,PXL_20211001_143338187.MP.jpg,
9/28/21,19,960,12,25,22,,,,,,,,,PXL_20211001_143338187.MP.jpg,
9/28/21,19,960,13,26,22,,,,,,,,,PXL_20211001_143338187.MP.jpg,
9/28/21,19,960,14,21,20,,,,,,,,,PXL_20211001_143338187.MP.jpg,
9/28/21,19,960,15,22,20,,,,,,,,,PXL_20211001_143338187.MP.jpg,
9/28/21,19,960,16,30,26,,,,,,,,,PXL_20211001_143338187.MP.jpg,
9/28/21,19,959,1,31,26,,,,,,,,,PXL_20211001_143338187.MP.jpg,
9/28/21,19,959,2,25,21,,,,,,,,,PXL_20211001_143338187.MP.jpg,
9/28/21,19,959,3,32,29,,,,,,,,,PXL_20211001_143338187.MP.jpg,
9/28/21,19,959,4,28,26,,,,,,,,,PXL_20211001_143338187.MP.jpg,
9/28/21,19,959,5,26,23,,,,,,,,,PXL_20211001_143338187.MP.jpg,
9/28/21,19,959,6,26,24,,,,,,,,,PXL_20211001_143338187.MP.jpg,
9/28/21,19,959,7,27,26,,,,,,,,,PXL_20211001_143338187.MP.jpg,
9/28/21,19,959,8,18,16,,,,,,,,,PXL_20211001_143338187.MP.jpg,
9/28/21,19,959,9,24,22,,,,,,,,,PXL_20211001_143338187.MP.jpg,
9/28/21,19,959,10,20,16,,,,,,,,,PXL_20211001_143338187.MP.jpg,
9/28/21,19,959,11,28,26,,,,,,,,,PXL_20211001_143338187.MP.jpg,
9/28/21,19,959,12,26,25,,,,,,,,,PXL_20211001_143338187.MP.jpg,
9/28/21,19,958,1,28,26,,,,,,,,,PXL_20211001_143338187.MP.jpg,
9/28/21,19,958,2,27,26,,,,,,,,,PXL_20211001_143338187.MP.jpg,
9/28/21,19,958,3,29,26,,,,,,,,,PXL_20211001_143338187.MP.jpg,
9/28/21,19,958,4,22,21,,,,,,,,,PXL_20211001_143338187.MP.jpg,
9/28/21,19,958,5,24,21,,,,,,,,,PXL_20211001_143338187.MP.jpg,
9/28/21,19,958,6,20,18,,,,,,,,,PXL_20211001_143338187.MP.jpg,
9/28/21,19,958,7,21,20,,,,,,,,,PXL_20211001_143338187.MP.jpg,
9/28/21,19,958,8,27,25,,,,,,,,,PXL_20211001_143338187.MP.jpg,
9/28/21,19,958,9,26,24,,,,,,,,,PXL_20211001_143338187.MP.jpg,
9/28/21,19,958,10,27,24,,,,,,,,,PXL_20211001_143338187.MP.jpg,
9/28/21,19,958,11,23,21,,,,,,,,,PXL_20211001_143338187.MP.jpg,
9/28/21,19,958,12,25,24,,,,,,,,,PXL_20211001_143338187.MP.jpg,
9/28/21,19,958,13,26,25,,,,,,,,,PXL_20211001_143351273.MP.jpg,
9/28/21,19,958,14,25,22,,,,,,,,,PXL_20211001_143351273.MP.jpg,
9/28/21,19,966,1,30,25,,,,,,,,,PXL_20211001_143351273.MP.jpg,
9/28/21,19,966,2,30,25,,,,,,,,,PXL_20211001_143351273.MP.jpg,
9/28/21,19,966,3,31,26,,,,,,,,,PXL_20211001_143351273.MP.jpg,
9/28/21,19,966,4,14,12,,,,,,,,,PXL_20211001_143351273.MP.jpg,
9/28/21,19,966,5,32,25,,,,,,,,,PXL_20211001_143351273.MP.jpg,
9/28/21,19,966,6,16,15,,,,,,,,,PXL_20211001_143351273.MP.jpg,
9/28/21,19,966,7,32,27,,,,,,,,,PXL_20211001_143351273.MP.jpg,
9/28/21,19,966,8,29,24,,,,,,,,,PXL_20211001_143351273.MP.jpg,
9/28/21,19,966,9,19,18,,,,,,,,,PXL_20211001_143351273.MP.jpg,
9/28/21,19,966,10,24,24,,,,,,,,,PXL_20211001_143351273.MP.jpg,
9/28/21,19,966,11,26,25,,,,,,,,,PXL_20211001_143351273.MP.jpg,
9/28/21,19,966,12,26,23,,,,,,,,,PXL_20211001_143351273.MP.jpg,
9/28/21,19,966,13,23,21,,,,,,,,,PXL_20211001_143351273.MP.jpg,
9/28/21,19,966,14,20,18,,,,,,,,,PXL_20211001_143351273.MP.jpg,
9/28/21,19,966,15,33,29,,,,,,,,,PXL_20211001_143351273.MP.jpg,
9/28/21,19,967,1,30,27,,,,,,,,,PXL_20211001_143351273.MP.jpg,
9/28/21,19,967,2,26,25,,,,,,,,,PXL_20211001_143351273.MP.jpg,
9/28/21,19,967,3,25,22,,,,,,,,,PXL_20211001_143351273.MP.jpg,
9/28/21,19,967,4,30,28,,,,,,,,,PXL_20211001_143351273.MP.jpg,
9/28/21,19,967,5,29,25,,,,,,,,,PXL_20211001_143351273.MP.jpg,
9/28/21,19,967,6,20,19,,,,,,,,,PXL_20211001_143351273.MP.jpg,
9/28/21,19,967,7,24,23,,,,,,,,,PXL_20211001_143351273.MP.jpg,
9/28/21,19,967,8,30,26,,,,,,,,,PXL_20211001_143351273.MP.jpg,
9/28/21,19,967,9,25,22,,,,,,,,,PXL_20211001_143351273.MP.jpg,
9/28/21,19,967,10,28,24,,,,,,,,,PXL_20211001_143351273.MP.jpg,
9/28/21,19,967,11,24,21,,,,,,,,,PXL_20211001_143351273.MP.jpg,
9/28/21,19,967,12,31,30,,,,,,,,,PXL_20211001_143351273.MP.jpg,
9/28/21,19,971,1,26,25,,,,,,,,,PXL_20211001_143351273.MP.jpg,
9/28/21,19,971,2,32,27,,,,,,,,,PXL_20211001_143351273.MP.jpg,
9/28/21,19,971,3,31,25,,,,,,,,,PXL_20211001_143351273.MP.jpg,
9/28/21,19,971,4,18,16,,,,,,,,,PXL_20211001_143351273.MP.jpg,
9/28/21,19,971,5,32,26,,,,,,,,,PXL_20211001_143351273.MP.jpg,
9/28/21,19,971,6,31,27,,,,,,,,,PXL_20211001_143351273.MP.jpg,
9/28/21,19,971,7,27,26,,,,,,,,,PXL_20211001_143351273.MP.jpg,
9/28/21,19,971,8,22,20,,,,,,,,,PXL_20211001_143351273.MP.jpg,
9/28/21,19,971,9,28,25,,,,,,,,,PXL_20211001_143351273.MP.jpg,
9/28/21,19,971,10,21,20,,,,,,,,,PXL_20211001_143351273.MP.jpg,
9/28/21,19,971,11,22,20,,,,,,,,,PXL_20211001_143351273.MP.jpg,
9/28/21,19,971,12,28,25,,,,,,,,,PXL_20211001_143351273.MP.jpg,
9/28/21,19,971,13,17,15,,,,,,,,,PXL_20211001_143351273.MP.jpg,
9/28/21,19,971,14,34,29,,,,,,,,,PXL_20211001_143351273.MP.jpg,
9/28/21,19,1023,1,31,25,,,,,,,,,PXL_20211001_143351273.MP.jpg,
9/28/21,19,1023,2,14,13,,,,,,,,,PXL_20211001_143351273.MP.jpg,
9/28/21,19,1023,3,22,20,,,,,,,,,PXL_20211001_143351273.MP.jpg,
9/28/21,19,1023,4,24,22,,,,,,,,,PXL_20211001_143351273.MP.jpg,
9/28/21,19,1023,5,15,14,,,,,,,,,PXL_20211001_143351273.MP.jpg,
9/28/21,19,1023,6,24,21,,,,,,,,,PXL_20211001_143351273.MP.jpg,
9/28/21,19,1023,7,29,26,,,,,,,,,PXL_20211001_143351273.MP.jpg,
9/28/21,19,1023,8,26,25,,,,,,,,,PXL_20211001_143351273.MP.jpg,
9/28/21,19,1023,9,14,13,,,,,,,,,PXL_20211001_143351273.MP.jpg,
9/28/21,19,1023,10,28,25,,,,,,,,,PXL_20211001_143351273.MP.jpg,
9/28/21,19,1023,11,37,29,,,,,,,,,PXL_20211001_143351273.MP.jpg,
9/28/21,19,1020,1,19,17,,,,,,,,,PXL_20211001_143351273.MP.jpg,
9/28/21,19,1020,2,30,27,,,,,,,,,PXL_20211001_143351273.MP.jpg,
9/28/21,19,1020,3,25,20,,,,,,,,,PXL_20211001_143351273.MP.jpg,
9/28/21,19,1020,4,26,20,,,,,,,,,PXL_20211001_143351273.MP.jpg,
9/28/21,19,1020,5,19,18,,,,,,,,,PXL_20211001_143351273.MP.jpg,
9/28/21,19,1020,6,23,21,,,,,,,,,PXL_20211001_143351273.MP.jpg,
9/28/21,19,1020,7,28,22,,,,,,,,,PXL_20211001_143351273.MP.jpg,
9/28/21,19,1020,8,26,22,,,,,,,,,PXL_20211001_143351273.MP.jpg,
9/28/21,19,1020,9,30,28,,,,,,,,,PXL_20211001_143351273.MP.jpg,
9/28/21,19,1020,10,14,13,,,,,,,,,PXL_20211001_143351273.MP.jpg,
9/28/21,19,1020,11,25,22,,,,,,,,,PXL_20211001_143351273.MP.jpg,
9/28/21,19,1020,12,34,29,,,,,,,,,PXL_20211001_143351273.MP.jpg,
9/28/21,19,1020,13,21,20,,,,,,,,,PXL_20211001_143351273.MP.jpg,
9/28/21,19,1020,14,35,27,,,,,,,,,Scanned twice: PXL_20211001_143400902.MP.jpg / PXL_20211001_143401114.MP.jpg ,
9/28/21,19,1019,1,31,30,,,,,,,,,Scanned twice: PXL_20211001_143400902.MP.jpg / PXL_20211001_143401114.MP.jpg ,
9/28/21,19,1019,2,31,31,,,,,,,,,Scanned twice: PXL_20211001_143400902.MP.jpg / PXL_20211001_143401114.MP.jpg ,
9/28/21,19,1019,3,26,24,,,,,,,,,Scanned twice: PXL_20211001_143400902.MP.jpg / PXL_20211001_143401114.MP.jpg ,
9/28/21,19,1019,4,32,29,,,,,,,,,Scanned twice: PXL_20211001_143400902.MP.jpg / PXL_20211001_143401114.MP.jpg ,
9/28/21,19,1019,5,25,22,,,,,,,,,Scanned twice: PXL_20211001_143400902.MP.jpg / PXL_20211001_143401114.MP.jpg ,
9/28/21,19,1019,6,30,24,,,,,,,,,Scanned twice: PXL_20211001_143400902.MP.jpg / PXL_20211001_143401114.MP.jpg ,
9/28/21,19,1019,7,29,25,,,,,,,,,Scanned twice: PXL_20211001_143400902.MP.jpg / PXL_20211001_143401114.MP.jpg ,
9/28/21,19,1019,8,28,25,,,,,,,,,Scanned twice: PXL_20211001_143400902.MP.jpg / PXL_20211001_143401114.MP.jpg ,
9/28/21,19,1019,9,15,13,,,,,,,,,Scanned twice: PXL_20211001_143400902.MP.jpg / PXL_20211001_143401114.MP.jpg ,
9/28/21,19,1019,10,30,26,,,,,,,,,Scanned twice: PXL_20211001_143400902.MP.jpg / PXL_20211001_143401114.MP.jpg ,
9/28/21,19,1018,1,32,30,,,,,,,,,Scanned twice: PXL_20211001_143400902.MP.jpg / PXL_20211001_143401114.MP.jpg ,
9/28/21,19,1018,2,25,22,,,,,,,,,Scanned twice: PXL_20211001_143400902.MP.jpg / PXL_20211001_143401114.MP.jpg ,
9/28/21,19,1018,3,25,24,,,,,,,,,Scanned twice: PXL_20211001_143400902.MP.jpg / PXL_20211001_143401114.MP.jpg ,
9/28/21,19,1018,4,20,19,,,,,,,,,Scanned twice: PXL_20211001_143400902.MP.jpg / PXL_20211001_143401114.MP.jpg ,
9/28/21,19,1018,5,25,24,,,,,,,,,Scanned twice: PXL_20211001_143400902.MP.jpg / PXL_20211001_143401114.MP.jpg ,
9/28/21,19,1018,6,24,20,,,,,,,,,Scanned twice: PXL_20211001_143400902.MP.jpg / PXL_20211001_143401114.MP.jpg ,
9/28/21,19,1018,7,24,22,,,,,,,,,Scanned twice: PXL_20211001_143400902.MP.jpg / PXL_20211001_143401114.MP.jpg ,
9/28/21,19,1018,8,31,26,,,,,,,,,Scanned twice: PXL_20211001_143400902.MP.jpg / PXL_20211001_143401114.MP.jpg ,
9/28/21,19,1018,9,25,24,,,,,,,,,Scanned twice: PXL_20211001_143400902.MP.jpg / PXL_20211001_143401114.MP.jpg ,
9/28/21,19,1018,10,19,19,,,,,,,,,Scanned twice: PXL_20211001_143400902.MP.jpg / PXL_20211001_143401114.MP.jpg ,
9/28/21,19,1018,11,28,27,,,,,,,,,Scanned twice: PXL_20211001_143400902.MP.jpg / PXL_20211001_143401114.MP.jpg ,
9/28/21,19,1025,1,28,24,,,,,,,,,Scanned twice: PXL_20211001_143400902.MP.jpg / PXL_20211001_143401114.MP.jpg ,
9/28/21,19,1025,2,16,15,,,,,,,,,Scanned twice: PXL_20211001_143400902.MP.jpg / PXL_20211001_143401114.MP.jpg ,
9/28/21,19,1025,3,32,25,,,,,,,,,Scanned twice: PXL_20211001_143400902.MP.jpg / PXL_20211001_143401114.MP.jpg ,
9/28/21,19,1025,4,20,19,,,,,,,,,Scanned twice: PXL_20211001_143400902.MP.jpg / PXL_20211001_143401114.MP.jpg ,
9/28/21,19,1025,5,24,22,,,,,,,,,Scanned twice: PXL_20211001_143400902.MP.jpg / PXL_20211001_143401114.MP.jpg ,
9/28/21,19,1025,6,24,21,,,,,,,,,Scanned twice: PXL_20211001_143400902.MP.jpg / PXL_20211001_143401114.MP.jpg ,
9/28/21,19,1025,7,18,14,,,,,,,,,Scanned twice: PXL_20211001_143400902.MP.jpg / PXL_20211001_143401114.MP.jpg ,
9/28/21,19,1025,8,32,29,,,,,,,,,Scanned twice: PXL_20211001_143400902.MP.jpg / PXL_20211001_143401114.MP.jpg ,
9/28/21,19,1025,9,20,19,,,,,,,,,Scanned twice: PXL_20211001_143400902.MP.jpg / PXL_20211001_143401114.MP.jpg ,
9/28/21,19,1025,10,29,24,,,,,,,,,Scanned twice: PXL_20211001_143400902.MP.jpg / PXL_20211001_143401114.MP.jpg ,
9/28/21,19,1025,11,26,23,,,,,,,,,Scanned twice: PXL_20211001_143400902.MP.jpg / PXL_20211001_143401114.MP.jpg ,
9/28/21,19,1025,12,23,20,,,,,,,,,Scanned twice: PXL_20211001_143400902.MP.jpg / PXL_20211001_143401114.MP.jpg ,
9/28/21,19,1025,13,29,27,,,,,,,,,Scanned twice: PXL_20211001_143400902.MP.jpg / PXL_20211001_143401114.MP.jpg ,
9/28/21,19,1028,1,25,20,,,,,,,,,Scanned twice: PXL_20211001_143400902.MP.jpg / PXL_20211001_143401114.MP.jpg ,
9/28/21,19,1028,2,24,22,,,,,,,,,Scanned twice: PXL_20211001_143400902.MP.jpg / PXL_20211001_143401114.MP.jpg ,
9/28/21,19,1028,3,24,23,,,,,,,,,Scanned twice: PXL_20211001_143400902.MP.jpg / PXL_20211001_143401114.MP.jpg ,
9/28/21,19,1028,4,27,25,,,,,,,,,Scanned twice: PXL_20211001_143400902.MP.jpg / PXL_20211001_143401114.MP.jpg ,
9/28/21,19,1028,5,28,25,,,,,,,,,Scanned twice: PXL_20211001_143400902.MP.jpg / PXL_20211001_143401114.MP.jpg ,
9/28/21,19,1028,6,25,20,,,,,,,,,Scanned twice: PXL_20211001_143400902.MP.jpg / PXL_20211001_143401114.MP.jpg ,
9/28/21,19,1028,7,21,20,,,,,,,,,Scanned twice: PXL_20211001_143400902.MP.jpg / PXL_20211001_143401114.MP.jpg ,
9/28/21,19,1028,8,25,21,,,,,,,,,Scanned twice: PXL_20211001_143400902.MP.jpg / PXL_20211001_143401114.MP.jpg ,
9/28/21,19,1028,9,26,21,,,,,,,,,Scanned twice: PXL_20211001_143400902.MP.jpg / PXL_20211001_143401114.MP.jpg ,
9/28/21,19,1028,10,27,24,,,,,,,,,Scanned twice: PXL_20211001_143400902.MP.jpg / PXL_20211001_143401114.MP.jpg ,
9/28/21,19,1028,11,30,24,,,,,,,,,Scanned twice: PXL_20211001_143400902.MP.jpg / PXL_20211001_143401114.MP.jpg ,
9/28/21,19,1028,12,30,26,,,,,,,,,Scanned twice: PXL_20211001_143400902.MP.jpg / PXL_20211001_143401114.MP.jpg ,
9/28/21,19,1028,13,29,27,,,,,,,,,Scanned twice: PXL_20211001_143400902.MP.jpg / PXL_20211001_143401114.MP.jpg ,
9/28/21,19,1028,14,30,29,,,,,,,,,Scanned twice: PXL_20211001_143400902.MP.jpg / PXL_20211001_143401114.MP.jpg ,
9/28/21,19,1029,1,22,20,,,,,,,,,Scanned twice: PXL_20211001_143400902.MP.jpg / PXL_20211001_143401114.MP.jpg ,
9/28/21,19,1029,2,34,27,,,,,,,,,Scanned twice: PXL_20211001_143400902.MP.jpg / PXL_20211001_143401114.MP.jpg ,
9/28/21,19,1029,3,15,13,,,,,,,,,Scanned twice: PXL_20211001_143400902.MP.jpg / PXL_20211001_143401114.MP.jpg ,
9/28/21,19,1029,4,26,24,,,,,,,,,Scanned twice: PXL_20211001_143400902.MP.jpg / PXL_20211001_143401114.MP.jpg ,
9/28/21,19,1029,5,30,26,,,,,,,,,Scanned twice: PXL_20211001_143400902.MP.jpg / PXL_20211001_143401114.MP.jpg ,
9/28/21,19,1029,6,30,27,,,,,,,,,Scanned twice: PXL_20211001_143400902.MP.jpg / PXL_20211001_143401114.MP.jpg ,
9/28/21,19,1029,7,27,25,,,,,,,,,Scanned twice: PXL_20211001_143400902.MP.jpg / PXL_20211001_143401114.MP.jpg ,
9/28/21,19,1029,8,25,22,,,,,,,,,Scanned twice: PXL_20211001_143400902.MP.jpg / PXL_20211001_143401114.MP.jpg ,
9/28/21,19,1029,9,26,22,,,,,,,,,Scanned twice: PXL_20211001_143400902.MP.jpg / PXL_20211001_143401114.MP.jpg ,
9/28/21,19,1029,10,21,19,,,,,,,,,Scanned twice: PXL_20211001_143400902.MP.jpg / PXL_20211001_143401114.MP.jpg ,
9/28/21,19,1029,11,24,23,,,,,,,,,Scanned twice: PXL_20211001_143400902.MP.jpg / PXL_20211001_143401114.MP.jpg ,
9/28/21,19,1029,12,29,24,,,,,,,,,Scanned twice: PXL_20211001_143400902.MP.jpg / PXL_20211001_143401114.MP.jpg ,
9/28/21,19,1029,13,24,20,,,,,,,,,Scanned twice: PXL_20211001_143400902.MP.jpg / PXL_20211001_143401114.MP.jpg ,
9/28/21,19,1029,14,30,25,,,,,,,,,Scanned twice: PXL_20211001_143400902.MP.jpg / PXL_20211001_143401114.MP.jpg ,
9/28/21,19,1029,15,31,26,,,,,,,,,Scanned twice: PXL_20211001_143400902.MP.jpg / PXL_20211001_143401114.MP.jpg ,
9/28/21,19,1078,1,30,26,,,,,,,,,PXL_20211001_143410925.MP.jpg,
9/28/21,19,1078,2,28,27,,,,,,,,,PXL_20211001_143410925.MP.jpg,
9/28/21,19,1078,3,25,22,,,,,,,,,PXL_20211001_143410925.MP.jpg,
9/28/21,19,1078,4,29,26,,,,,,,,,PXL_20211001_143410925.MP.jpg,
9/28/21,19,1078,5,24,21,,,,,,,,,PXL_20211001_143410925.MP.jpg,
9/28/21,19,1078,6,30,25,,,,,,,,,PXL_20211001_143410925.MP.jpg,
9/28/21,19,1078,7,25,20,,,,,,,,,PXL_20211001_143410925.MP.jpg,
9/28/21,19,1078,8,27,25,,,,,,,,,PXL_20211001_143410925.MP.jpg,
9/28/21,19,1078,9,25,23,,,,,,,,,PXL_20211001_143410925.MP.jpg,
9/28/21,19,1078,10,32,26,,,,,,,,,PXL_20211001_143410925.MP.jpg,
9/28/21,19,1078,11,19,17,,,,,,,,,PXL_20211001_143410925.MP.jpg,
9/28/21,19,1078,12,28,24,,,,,,,,,PXL_20211001_143410925.MP.jpg,
9/28/21,19,1078,13,20,15,,,,,,,,,PXL_20211001_143410925.MP.jpg,
9/28/21,19,1078,14,28,26,,,,,,,,,PXL_20211001_143410925.MP.jpg,
9/28/21,19,1083,1,31,27,,,,,,,,,PXL_20211001_143410925.MP.jpg,
9/28/21,19,1083,2,27,26,,,,,,,,,PXL_20211001_143410925.MP.jpg,
9/28/21,19,1083,3,19,19,,,,,,,,,PXL_20211001_143410925.MP.jpg,
9/28/21,19,1083,4,22,21,,,,,,,,,PXL_20211001_143410925.MP.jpg,
9/28/21,19,1083,5,29,27,,,,,,,,,PXL_20211001_143410925.MP.jpg,
9/28/21,19,1083,6,25,24,,,,,,,,,PXL_20211001_143410925.MP.jpg,
9/28/21,19,1083,7,30,29,,,,,,,,,PXL_20211001_143410925.MP.jpg,
9/28/21,19,1083,8,27,25,,,,,,,,,PXL_20211001_143410925.MP.jpg,
9/28/21,19,1083,9,26,24,,,,,,,,,PXL_20211001_143410925.MP.jpg,
9/28/21,19,1083,10,20,19,,,,,,,,,PXL_20211001_143410925.MP.jpg,
9/28/21,19,1083,11,29,28,,,,,,,,,PXL_20211001_143410925.MP.jpg,
9/28/21,19,1083,12,28,25,,,,,,,,,PXL_20211001_143410925.MP.jpg,
9/28/21,19,1086,1,30,26,,,,,,,,,PXL_20211001_143410925.MP.jpg,
9/28/21,19,1086,2,29,24,,,,,,,,,PXL_20211001_143410925.MP.jpg,
9/28/21,19,1086,3,24,21,,,,,,,,,PXL_20211001_143410925.MP.jpg,
9/28/21,19,1086,4,21,20,,,,,,,,,PXL_20211001_143410925.MP.jpg,
9/28/21,19,1086,5,29,26,,,,,,,,,PXL_20211001_143410925.MP.jpg,
9/28/21,19,1086,6,29,27,,,,,,,,,PXL_20211001_143410925.MP.jpg,
9/28/21,19,1086,7,22,21,,,,,,,,,PXL_20211001_143410925.MP.jpg,
9/28/21,19,1086,8,26,23,,,,,,,,,PXL_20211001_143410925.MP.jpg,
9/28/21,19,1086,9,26,25,,,,,,,,,PXL_20211001_143410925.MP.jpg,
9/28/21,19,1086,10,29,25,,,,,,,,,PXL_20211001_143410925.MP.jpg,
9/28/21,19,1086,11,26,24,,,,,,,,,PXL_20211001_143410925.MP.jpg,
9/28/21,19,1086,12,30,28,,,,,,,,,PXL_20211001_143410925.MP.jpg,
9/28/21,19,1088,1,29,27,,,,,,,,,PXL_20211001_143410925.MP.jpg,
9/28/21,19,1088,2,16,15,,,,,,,,,PXL_20211001_143410925.MP.jpg,
9/28/21,19,1088,3,35,29,,,,,,,,,PXL_20211001_143410925.MP.jpg,
9/28/21,19,1088,4,25,23,,,,,,,,,PXL_20211001_143410925.MP.jpg,
9/28/21,19,1088,5,18,17,,,,,,,,,PXL_20211001_143410925.MP.jpg,
9/28/21,19,1088,6,21,20,,,,,,,,,PXL_20211001_143410925.MP.jpg,
9/28/21,19,1088,7,22,16,,,,,,,,,PXL_20211001_143410925.MP.jpg,
9/28/21,19,1088,8,18,15,,,,,,,,,PXL_20211001_143410925.MP.jpg,
9/28/21,19,1088,9,34,28,,,,,,,,,PXL_20211001_143410925.MP.jpg,
9/28/21,19,1088,10,27,24,,,,,,,,,PXL_20211001_143410925.MP.jpg,
9/28/21,19,1088,11,30,25,,,,,,,,,PXL_20211001_143410925.MP.jpg,
9/28/21,19,1088,12,26,25,,,,,,,,,PXL_20211001_143410925.MP.jpg,
9/28/21,19,1088,13,18,16,,,,,,,,,PXL_20211001_143410925.MP.jpg,
9/28/21,19,1088,14,15,20,,,,,,,,,PXL_20211001_143410925.MP.jpg,
9/28/21,19,1088,15,30,25,,,,,,,,,PXL_20211001_143410925.MP.jpg,
9/28/21,19,1137,1,26,22,,,,,,,,,PXL_20211001_143410925.MP.jpg,
9/28/21,19,1137,2,29,25,,,,,,,,,PXL_20211001_143410925.MP.jpg,
9/28/21,19,1137,3,27,26,,,,,,,,,PXL_20211001_143410925.MP.jpg,
9/28/21,19,1137,4,22,19,,,,,,,,,PXL_20211001_143410925.MP.jpg,
9/28/21,19,1137,5,28,25,,,,,,,,,PXL_20211001_143410925.MP.jpg,
9/28/21,19,1137,6,19,11,,,,,,,,,PXL_20211001_143410925.MP.jpg,
9/28/21,19,1137,7,27,25,,,,,,,,,PXL_20211001_143410925.MP.jpg,
9/28/21,19,1137,8,19,18,,,,,,,,,PXL_20211001_143410925.MP.jpg,
9/28/21,19,1137,9,30,27,,,,,,,,,PXL_20211001_143410925.MP.jpg,
9/28/21,19,1137,10,28,27,,,,,,,,,PXL_20211001_143410925.MP.jpg,
9/28/21,19,1137,11,31,28,,,,,,,,,PXL_20211001_143410925.MP.jpg,